Sku_name,Product_id,Brand,Product_url
S Boss Ibolic Volcanic,7217901666347,Firewire,
Sex Wax Orange Cool,1796168712235,Creatures,
The Ripper,7216553328683,Lost,
Volcom Stone LSE Tee,7209165520939,Volcom,
Dumpster Diver 2,7209887957035,Channel Islands,
Little Marley Softboard,4849017225259,MF Softboards,
MF x SBE Beastie Softboard,7196561113131,MF Softboards,
RNF 96 - Long Toe,7203667116075,Lost,
Smooth Operator - Long Toe,7203667214379,Lost,
Aipa X Mayhem Torches 5-Fin,7203320266795,Futures,
Radius Prime Squash,7200502808619,Pyzel,
Radius Prime Round,7200502775851,Pyzel,
Indo 5 Panel Surf Cap,7138896248875,Ocean & Earth,
Vaporcool Elite Flexfit SB Cap,7138896478251,Rip Curl,
Clear 50+ Lotion,7141150949419,Sun Bum,
Vaporcool Delta Flexfit Cap,7150071349291,Rip Curl,
Wetsuit Icon Mid Brim Hat,7150071382059,Rip Curl,
Embrace Cap,7196532244523,Former,
Suspension T-Shirt,7196532277291,Former,
Utopic T-Shirt,7196532310059,Former,
Anderson 18 Trunk,7196532342827,Former,
Reynolds Striped Short Sleeve Shirt,7196532441131,Former,
Reynolds Distend Walkshort,7196532506667,Former,
Mens Surf Shirt Long Sleeve,7196532736043,Ocean & Earth,
Yago Dora Tri Fin,7196532211755,Captain Fin Co,
Vaporcool Flexfit Trucker,7150071414827,Rip Curl,
Vaporcool Phaser Flexfit Cap,7150071480363,Rip Curl,
Lancaster Hat,7152079306795,O'Neill,
P-6 Label Maclure Hat,7159298490411,Patagonia,
M's Sunrise Rollers Responsibili-Tee,7159298621483,Patagonia,
FK Longboard Allrounder Cover,7067568767019,FK,
Fish Icon,7129850347563,Creatures,
Shortboard Icon,7129850380331,Creatures,
Polyester Resin,7196532834347,Ocean & Earth,
Freestanding Board Rack,7196532801579,Ocean & Earth,
Script Wave Bloom Open Toe,7159298555947,Rip Curl,
Atom Sling,7159298785323,Patagonia,
Recycled Market Tote,7159298850859,Patagonia,
Fitz Roy Icon Trad Cap,7159298916395,Patagonia,
Brand Icon Tee,7159298949163,Rip Curl,
Bondi Bloom Open Toe,7159298981931,Rip Curl,
Searchers Canvas Adjustable Cap,7159299047467,Rip Curl,
Wet Mat,7159299899435,O'Neill,
Cosmic Twin SW,7159299538987,Joel Fitzgerald Surfboards,
Space Hawk (with spray),7195199176747,Joel Fitzgerald Surfboards,
Dreamcatcher (clear),7195204452395,Joel Fitzgerald Surfboards,
Hyperfreak TB3X Neo/Lycra Long Sleeve Crew,6690616016939,O'Neill,
Dreamcatcher with Tint,7196492628011,Joel Fitzgerald Surfboards,
Ultrarange VR3,7074437955627,Vans,
Thermo X Long Sleeve Crew,7159299080235,O'Neill,
La Isla Bloom Open Toe,7159299276843,Rip Curl,
Trvlr UPF Traverse Short Sleeve Shirt,7159299702827,O'Neill,
Classic Surf Bloom Open Toe,7159299997739,Rip Curl,
Trlvr UPF Traverse Stripe Short Sleeve Shirt,7159300096043,O'Neill,
Bodyboard Leash Plugs,7159834214443,Creatures,
Space Hawk (clear),7195200225323,Joel Fitzgerald Surfboards,
Cosmic Twin SW (With Spray),7159299571755,Joel Fitzgerald Surfboards,
AM3 Honeycomb Tri Fins,1796818370603,Futures,
Skimboard,7159299178539,Ryder,
Mid 6 Twin - Thunderbolt Red,7193717932075,Thunderbolt,
Mid 6 Mini,7193717276715,Thunderbolt,
Moe Mini - Thunderbolt Red,7193712066603,Thunderbolt,
Wetsuit Icon Tee,6864817061931,Rip Curl,
Mineral SPF 50+ Sunscreen Lotion,7140853514283,Sun Bum,
Quandary Brimmer,7159298883627,Patagonia,
M's Baggies Longs - 7 In,7159298818091,Patagonia,
Brand Logo Bloom Open Toe,7124543668267,Rip Curl,
Hyperfreak Hydro Tech 19 Boardshort,7152079274027,O'Neill,
"Trvlr Expedition 20""",7159300128811,O'Neill,
Old Skool Vr3,7180170559531,Vans,
Icons Of Surf Bloom Open Toe,7124543701035,Rip Curl,
Wetsuit Icon Trucker,7138896445483,Rip Curl,
S Boss Ibolic,7192453513259,Firewire,
Divide,7138897297451,Otis,
Trvlr Upf Staple,7159834968107,O'Neill,
FK Gold Wax 85g,7168433160235,FK,
Phix Super Mini Durarezn 1oz,7168433389611,FK,
M's Funhoggers Shorts,7180166037547,Patagonia,
M's Fitz Roy Wild,7180166594603,Patagonia,
M's Baggies Naturals,7180166692907,Patagonia,
M's Summit Swell Organic T-Shirt,7180166889515,Patagonia,
Surf Brimmer Hat,7180166922283,Patagonia,
Icons UPF Brushed Long Sleeve,7165398941739,Rip Curl,
Icons UPF Brushed Short Sleeve,7165399040043,Rip Curl,
Short Fin Socks,7165768466475,Limited Edition,
Premium Bodyboarding Fins,7165768728619,Limited Edition,
Sylock Swim Fin,7165768761387,Limited Edition,
Owen Wright Lite Trac Pro Traction,7138895986731,Ocean & Earth,
Ryan Callinan Lite Trac Pro Traction,7138896019499,Ocean & Earth,
Dakoda Walters Lite Trac Pro Traction,7138896117803,Ocean & Earth,
Tyler Wright Lite Trac Pro Traction,7138896150571,Ocean & Earth,
Kanoa Igarashi Lite Trac Pro Traction,7138896183339,Ocean & Earth,
Ozzie Traction,7139335897131,Gorilla Grip,
Frederico Morais Lite Trac Pro Pad,7140854366251,Ocean & Earth,
Beater Original 54 Finless - Lost,7150071742507,Catch Surf,
Mirage Medina,7165403889707,Rip Curl,
Precious,7187702644779,Pyzel,
Medina x Yow Camo 33.5″ Surfskate Panther,7184216358955,Yow,
"Mick Fanning x Yow Falcon Performer 33.5"" Surfskate Red",7184216391723,Yow,
"Mick Fanning x Yow Falcon Driver 32.5"" Surfskate Green",7184216457259,Yow,
"Hossegor 29"" Grom Series Yow Surfskate Tie Dye",7184216096811,Yow,
"Coxos 31"" Yow Surfskate Blue",7184216129579,Yow,
"Arica 33"" Yow Surfskate Red",7184216162347,Yow,
"Skalle 34"" Christenson x Yow Surfskate Black",7184216227883,Yow,
"Hole Shot 33.85"" Christenson x Yow Surfskate Purple",7184216260651,Yow,
"C-Hawk 33"" Christenson x Yow Surfskate Blue",7184216293419,Yow,
"Shadow 34"" Pyzel x Yow Surfskate Blue",7184216326187,Yow,
Storm Series 60L Duffle dry Bag,7168433094699,FK,
F-Light Posse Midnight,7180166955051,Not specified,
Wax Flex-Tub Multi: Platinum,7180166529067,Creatures,
Wax Flexi-Tub: Platinum,7180166561835,Creatures,
Water Key Pouch,7180166987819,Ocean & Earth,
Boards For Lords Short Sleeve Tee,7131087142955,Rusty,
Stalker Short Sleeve Tee,7129849462827,Rusty,
Comp Wash Short Sleeve Tee,7129849561131,Rusty,
Slowmo Short Sleeve Tee,7138896511019,Rusty,
Ole Faithful short Sleeve Tee,7138897100843,Rusty,
Skurvy Dog Short Sleeve Tee,7141150916651,Rusty,
Competition Tank,7165401563179,Rusty,
Irie Eye Short Sleeve Tee,7165402054699,Rusty,
One Hit Competition Short Sleeve Tee,7165402284075,Rusty,
Filigree Short Sleeve Tee,7180169904171,Rusty,
Gr8ful H8ful Short Sleeve Tee,7180169936939,Rusty,
Synergy YTH,7180167217195,Sharpeye,
Inferno 72 YTH,7180167315499,Sharpeye,
SZEX,7074437791787,Epokhe,
Suede By Evan Mock,7074437103659,Epokhe,
Candy X Flowershop,7184216719403,Epokhe,
Candy,7184216752171,Epokhe,
Reprise,7074437300267,Epokhe,
Wilson,7074438610987,Epokhe,
Veil,7180165808171,Epokhe,
Frequency,7180165906475,Epokhe,
Guilty x Thomas Townend,7180165873707,Epokhe,
Ceremony,7074430910507,Epokhe,
Reprise x Jack Freestone,7074437693483,Epokhe,
Stereo x Ethan Osborne,7180165840939,Epokhe,
FCSII Carver Tri  Retail,7180169543723,FCS,
Performer Quad Rear Fins,7184216031275,FCS,
Cheat Code,7180167249963,Sharpeye,
Modern Flag SS Tee,7180168167467,Channel Islands,
Quality Goods SS Tee,7180168233003,Channel Islands,
Horseshoe SS Tee,7180168265771,Channel Islands,
Channel Islands Happy 24/7 SS Tee,7180168298539,Channel Islands,
Beater 54 Pro Santa Cruz Twin Softboard,7168403144747,Catch Surf,
Beater Pro 54 Twin Jamie O'Brien Softboard,7168403111979,Catch Surf,
Alley Cat,7165398319147,MF Softboards,
Big Baron Softboard,7165402906667,JS Surfboards,
Wave Bandit EZ Rider Tina Cohen Softboard,7168403177515,Catch Surf,
Chippa Wilson  + Neal Purchase Jr. Twin + Trailer,7074430550059,Captain Fin Co,
Eithan Osborne Heart ST,7150071775275,Captain Fin Co,
FCS II HS PC Aircore Tri-Quad,7180167348267,FCS,
FCS II HS PC Aircore Tri Retail Fins,7180167282731,FCS,
FCS Moulded Steel Keys,1796820860971,FCS,
Surf Vitals B Stack Hybrid Walkshort,7140854661163,Volcom,
FA Ozzy Wrong ADJ Hat,7165399236651,Volcom,
FA Ozzy Wrong Stoney Trunk 17,7165399597099,Volcom,
FA Ozzy Wrong Stoney 19,7165399662635,Volcom,
Surf Vitals J Robinson 20 Boardshort,7165399760939,Volcom,
Mod Iconic Stone 19,7165400383531,Volcom,
Arched Liberators 18,7165400776747,Volcom,
FA Ozzy Wrong SST,7165399367723,Volcom,
FA Ozzy Wrong Woven SS,7165399826475,Volcom,
Delights FTY SST,7165400449067,Volcom,
Stone Stoker FTY SST,7165401038891,Volcom,
AUS Solid Tee,7180166463531,Volcom,
AUS Wash Tee,7180166496299,Volcom,
Ozzie Towel,7165400285227,Volcom,
Hooded Changing Towel,7165400252459,Volcom,
FA Ozzy Wrong Hooded Towel,7165398876203,Volcom,
Enjoy Tee,7180163678251,Surfboard Empire,
Enjoy Byron Tee,7180163645483,Surfboard Empire,
SD RT RE,7182852161579,Rusty,
Puerto Padi,7182585987115,Pyzel,
1984 Round,7180167053355,Rusty,
1984 Round (with spray),7180167020587,Rusty,
SBE x Mayhem Rad Ripper Tee,7180163711019,Surfboard Empire,
Rad Ripper Swallow x SBE (RED),7168177438763,Lost,
Rad Ripper Swallow x SBE (BLUE),7168177405995,Lost,
Rad Ripper Swallow x SBE (GREY),7168178356267,Lost,
Turbo Channel Twin + 1,7179811782699,MR,
Hatchet Dark Arts,7178183016491,Rusty,
Shatter 20 Surf Cargo,7168403374123,Former,
Pivot Crux T-Shirt,7168403406891,Former,
Distend Denim Walkshort,7177016705067,Former,
Void Wishing 20' Trunk,7177016672299,Former,
Tribal Boonie,7177016639531,Former,
Manners 20' Trunk,7177016606763,Former,
Wishing T-Shirt,7177016573995,Former,
Wishing Cap,7177016541227,Former,
Tribal Crux T-Shirt,7177016508459,Former,
Prayer Cargo Walkshort,7177016475691,Former,
Vivian Check SS Shirt,7177016442923,Former,
Knot T-shirt,7177016410155,Former,
Chun's Dog T-Shirt,7177016344619,Former,
Prayer Cargo Pant,7177016311851,Former,
Distend Wishing Jean,7177016279083,Former,
Press T-Shirt,7168403341355,Former,
Press Canvas Bucket Hat,7168403308587,Former,
Heritage Cap,7168403275819,Former,
#77+,6835702628395,Sharpeye,
Inferno 72 - C1,7174044713003,Sharpeye,
Inferno FT- C1,7174044614699,Sharpeye,
Blade (With Channels),7171907780651,Rusty,
Blade,7117616119851,Rusty,
Great White Twin,7171608379435,Firewire,
Crowd Killer Round,7171609133099,Lost,
FCS II DHD and MFPC Tri Quad Fins,7168713949227,FCS,
FK Core Double Cover,6929547427883,FK,
FK One Fit Stretch Cover,6900878049323,FK,
Core Lite Leash,6779783184427,FK,
Core Leash,6779783151659,FK,
Longboard Knee Leash,6779764998187,FK,
Longboard Ankle Leash,6779764867115,FK,
2.5mm Centre Traction,6779712503851,FK,
Fish Traction,6779689009195,FK,
Retro Traction,6779688714283,FK,
Atomic Traction,6779681177643,FK,
Comp Leash,6779108720683,FK,
Surf Impact Vest,6688606617643,FK,
Micro Grip,6688606486571,FK,
Tone 2 Traction,6679446028331,FK,
FK Key Safe Regular,6585816809515,FK,
FK Key Safe Deluxe,4853852307499,FK,
FK Bike Surfboard Rack,4416732266539,FK,
FK Tie Downs,1810468798507,FK,
FK AllRounder Funboard Cover,1810410242091,FK,
FK Longboard Stretch Cover,1810408603691,FK,
FK Funboard Stretch Cover,1810407063595,FK,
Tripple Traction,1810396872747,FK,
Panther Traction,1810395824171,FK,
Cosmic Twin Triple Stringer,7165799104555,Joel Fitzgerald Surfboards,
Surf Mud Mineral Sunscreen SPF50+,7160508350507,Surf Mud,
STRETCH QUAD,7163216461867,Futures,
LANDING PAD,7163216429099,Futures,
GERRY LOPEZ 5-FIN,7163216396331,Futures,
ANDO BLACKSTIX 4.0,7163216363563,Futures,
JJF BIG WAVE QUAD,7163216330795,Futures,
"GRANT NOBLE 10""",7163216298027,Futures,
SEAFURY FISH PAD,7163216265259,Futures,
Pyzel Bobcat Twin,7163216232491,Futures,
Hyperfreak 2mm Chest Zip Long Sleeve Spring Suit,7153375576107,O'Neill,
Raging Bull Easy Rider HYFI 2.0,7159834181675,JS Surfboards,
Xero Gravity HYFI 2.0,7159834509355,JS Surfboards,
Xero Gravity Easy Rider HYFI 2.0,7159834247211,JS Surfboards,
Distend Walkshort,7117622411307,Former,
Still Life T-Shirt,7159299670059,Former,
Still Life Cap,7159299801131,Former,
Press Control 18.5 Trunk,7159299964971,Former,
Swans Baggy Trunk,7159299375147,Former,
Odysea x Lost RNF Softboard,1872127229995,Catch Surf,
Reliance III Lite Traction,4504549359659,Creatures,
Odysea Log Kalani Robb Pro Softboard,4856217862187,Catch Surf,
Plaid Control 18.5 Trunk,7159299342379,Former,
Franchise Slant Cap,7159299309611,Former,
Replica Cap,7159299244075,Former,
Superlite Pro Leash,1829311610923,Creatures,
Surf Vitals J Robinson 2mm Jkt,7150071709739,Volcom,
JS MFC Twin Fin,7150071545899,JS Surfboards,
OP1 with Spray,7150071578667,Christenson,
El Baron PE,7138896576555,JS Surfboards,
Beach Cloud - Primitek,7150071283755,Misfit,
Yandina Speedway - Primitek,7150071250987,Misfit,
Speed Egg Twin - Primitek,7150071218219,Misfit,
Big Patch Hat,7150071971883,Captain Fin Co,
Big Buckets Hat,7150071939115,Captain Fin Co,
Lloyd Corduroy Hat,7150071906347,Captain Fin Co,
Fin Wheel Corduroy Hat,7150071873579,Captain Fin Co,
Crew Surf Hat,7150071840811,Captain Fin Co,
College Hat,7150071808043,Captain Fin Co,
Machina,7150072004651,Epokhe,
Cohort II Future Flex - Moon Patrol,7140853547051,Hayden Shapes,
Chippa Wilson New Bones ST,7146658299947,Captain Fin Co,
JS MFC Thruster Fin,7150071513131,JS Surfboards,
Temples Twin (Clear),7152079372331,Joel Fitzgerald Surfboards,
Temples Twin (With spray),7152079339563,Joel Fitzgerald Surfboards,
Red Tiger Dark Arts (Red Deck),7110052151339,Pyzel,
Red Tiger XL Dark Arts (Red Deck),7110052118571,Pyzel,
Red Tiger XL Dark Arts,7150491009067,Pyzel,
Red Tiger Dark Arts,7150490943531,Pyzel,
White Tiger Dark Arts,7119542222891,Pyzel,
Stereo,7074436612139,Epokhe,
Kino,7074433859627,Epokhe,
Dylan,7074431959083,Epokhe,
Guilty,7074433597483,Epokhe,
The Deuce,7138898542635,Rusty,
Ryan Callinan 3 Piece Pro Pad,7140854399019,Ocean & Earth,
Mirage Activate Ultimate Boardshort,7140854464555,Rip Curl,
Mirage Medina-Boy Boardshort,7140854497323,Rip Curl,
Mirage Quality Surf Products,7140854530091,Rip Curl,
Gas Station Logo Short Sleeve Tee,7138897985579,Vans,
Geiselman Traction,7139335798827,Gorilla Grip,
Off The Wall Sounds Short Sleeve Tee,7140854890539,Vans,
V Ent Noa Deane Sock,7141151113259,Volcom,
Surf Vitals Yago Dora 19 Boardshort,7141151604779,Volcom,
Mod Iconic Stone 19 Boardshort,7141151703083,Volcom,
Lido Solid Mod 20 Boardshort,7141151834155,Volcom,
Medley Stoney 19 Boardshort,7141151539243,Volcom,
V Ent Noa Deane Pant,7141151899691,Volcom,
V Ent Noa Deane Denim Jeans,7141151014955,Volcom,
Surf Vitals B Stack Mod 20 Boardshort,7140854726699,Volcom,
V Ent Noa Deane Crew Shirt,7141151146027,Volcom,
Caden Plaid Long Sleeve Tee,7140854857771,Volcom,
Surf Vitals B Stack Jacket,7140854825003,Volcom,
Skate Vitals Simon B Woven Shirt,7141151506475,Volcom,
Skate Vitals Simon B 2 Tee,7141151768619,Volcom,
Fty Molchat Tee,7141151735851,Volcom,
Ripple Stone Lse Tee,7141151670315,Volcom,
Westgames Bsc Tee,7141151440939,Volcom,
FCS II Performer Neo Glass Pacific Quad Fins,6929547198507,FCS,
Fa Nando Von Arb Tee,7140854759467,Volcom,
Ventilator Boonie Bucket hat,7141151277099,Volcom,
Full Stone Cheese Hat,7141151244331,Volcom,
Embossed Stone Adjustable Hat,7141151211563,Volcom,
Full Stone Heather Flexfit Hat,7141151178795,Volcom,
Full Stone Dad Hat,7141151080491,Volcom,
Stone Tech Flexfit Delta Hat,7141151047723,Volcom,
Full Stone Flexfit Hat,7140854628395,Volcom,
Surf Vitals B Stack Boonie Hat,7140854595627,Volcom,
Stone Hooded Towel,7140854562859,Volcom,
Mayhem Twin Trailer Alpha Series,7141495308331,Futures,
FCS Comp Essential Leash (Small Cuff),7140855054379,FCS,
Otis Carey Eco Traction,7140853907499,FCS,
T-3 Pin Eco Traction,7140853776427,FCS,
T-3 Mid Eco Traction,7140853678123,FCS,
FCS Comp Classic Leash,7139316138027,FCS,
JS PC Carbon Tri Fins,7080296546347,FCS,
VFS Soft Tri Fin Set,7117623001131,FCS,
FCS II Performer Twin +1 PG Fins,7140854136875,FCS,
FCS II PG Album Keel Fins,7140854169643,FCS,
FCS II Album Twin + 1 PG Fins,7140854202411,FCS,
FCS II Harley LB Tri Fins,7140854104107,FCS,
FCS II Harley Mid PC Tri-Quad Fins,7140854071339,FCS,
FCS II Christenson PG  Tri-Quad Fins,7140854038571,FCS,
FCS II Performer PG Keel Fins,7140853743659,FCS,
FCS II Performer PG Keel Quad Fins,7140853710891,FCS,
FCS II Mid Side Byte PG Fins,7140854235179,FCS,
FCS II Mid Carver PG Fins,7140854267947,FCS,
FCS II Otis Carey PG Twin + Stabiliser Fins,7140854300715,FCS,
FCS II PG Mid Single Fin,7140854005803,FCS,
MF PC Tri Fins,7140854333483,FCS,
Volcanic Helium Too Fish,7139579756587,Firewire,
Ruptured Scallop Trunk,7074436448299,Former,
Dire Control Trunk,7074432811051,Former,
Sincere Cap,7129850511403,Former,
Goodbye Lily Cap,7129850544171,Former,
Auction Hood,7129850576939,Former,
Handshaped Sally Fitzgibbons Softboard,4828063662123,Softech,
The Roller Softboard,4397567017003,Softech,
Momentum 20 Trunk,7138874851371,Former,
Malfunction Cap,7138874818603,Former,
Quandary T-Shirt,7138874785835,Former,
Icon Cap,7138874753067,Former,
Fractional T-Shirt,7138874720299,Former,
Reliance III Pin Tail Traction,7129850445867,Creatures,
Mixed Groove 2 Piece Flat Pad,7129850478635,Channel Islands,
Ethan Ewing Lite Pin Tail Ecopure,7129850282027,Creatures,
Enough Said,7134659739691,Rusty,
1984,7134659444779,Rusty,
Hatchet (Flat Deck),7134659248171,Rusty,
John John Florence Squash Tail Pro Pad,7063441702955,Veia,
Express Manufacturing,7131874197547,Surfboard Empire,
421 Fish,7132278423595,Rusty,
Monsta 10,7131087601707,JS Surfboards,
Synergy - Round Tail,7131867447339,Sharpeye,
Synergy - Squash Tail,7131855454251,Sharpeye,
Synergy with Jacks Filler Spray - Squash Tail,7131654160427,Sharpeye,
Merrick Gudauskas 2+1 Fins,7129850413099,Channel Islands,
G-Skate (Spray),7130372276267,Channel Islands,
M's Bag Gi Shorts 7in,7074434777131,Patagonia,
M's Hydropeak Hybrid Walk Shorts - 19in.,7074434908203,Patagonia,
M's LW All-Wear Hemp Volley Shorts,7074434646059,Patagonia,
M's LW All-Wear Hemp Shorts - 8 in.,7074434482219,Patagonia,
FCS I JS ARC PC Tri Fins,7129295355947,FCS,
CI 2. Pro,7129293029419,Channel Islands,
Raging Bull Channel Bottom,7128892047403,JS Surfboards,
Odysea Log Jimi Deane Pro Softboard,6980137844779,Catch Surf,
Inferno FT (Clear),7117164445739,Sharpeye,
Proto 1.4,7093302624299,Creatures,
Sunday - Thunderbolt Red,7126659563563,Firewire,
Seaside & Beyond - Thunderbolt Red,7126659170347,Firewire,
Surf Convertible Helmet,7124543766571,Gath,
Mayhem Evil Quad Fins,7124543537195,Futures,
Stretch Fun Board (Adjustable),7124543864875,FCS,
Stretch All Purpose (Adjustable),7124543832107,FCS,
Grom Italo Ferreira Lite EcoPure,6977160740907,Creatures,
Lined Up Arch Pad,7117167099947,Channel Islands,
Reef Heazlewood 3 Piece Arch Pad,7117165690923,Channel Islands,
Parker Coffin 5 Piece Arch Pad,7117165330475,Channel Islands,
Kye Fitz Twins Fins,6985303687211,Wild Things,
Joel Fitz + Stabiliser Twin Fins,6985303654443,Wild Things,
Mirage Mason Backyards Boardshort,7124355186731,Rip Curl,
Red Tiger T23,7122363678763,Pyzel,
3.0 Stub Driver,7119543992363,Lost,
Mayhem 3.0 Vapor Core Tri Fins,7119911649323,Futures,
Florex T-Shirt,7074433761323,Former,
Cold Ones Short Sleeve Tee,7074430287915,Vans,
Fitz Roy Icon Responsibili-Tee,7074433007659,Patagonia,
M's Microdini Hoody,7074434187307,Patagonia,
M's Microdini 1/2 Zip P/O,7074434711595,Patagonia,
Authentic Chino Loose Pant,7074431172651,Vans,
Crux Pant,7117622476843,Former,
"No See Ums Eco 18"" Walkshort",7074435858475,Vissla,
F6 Legacy Quad Fins (Neutral),7074433531947,Futures,
AM1 Techflex 5-Fin,7111224950827,Futures,
AM2 Techflex 5-Fin,7111224983595,Futures,
R4 Blackstix Tri Fins (Rake),7117438222379,Futures,
R6 Blackstix Tri Fins (Rake),7117438287915,Futures,
R8 Blackstix Tri Fins (Rake),7117438320683,Futures,
F8 Blackstix Tri Fins (Neutral),7117438418987,Futures,
F6 Blackstix Tri Fins (Neutral),7117438451755,Futures,
F4 Blackstix Tri Fins (Neutral),7117438484523,Futures,
Rasta Alpha Twin +1 Fins,7117622181931,Futures,
Blackstix Twin +1 Fins,7117622214699,Futures,
F8 Legacy 5 Fin (Neutral),7117629095979,Futures,
Machado Twin Keel Fins,7119097036843,Firewire,
Too Fish,7119096905771,Firewire,
Twin  Fin,7117615988779,Rusty,
Keg,7117621002283,Rusty,
The Miso,7117615497259,Rusty,
Dwart,7117621395499,Rusty,
Smoothie,7117621133355,Rusty,
WHAT?,7117620346923,Rusty,
Blackbird,7117615366187,Rusty,
Hatchet (Crown Deck),7117613989931,Rusty,
New Traveler,7117613793323,Rusty,
419 Fish,7117613662251,Rusty,
Zeppelin,7117613596715,Rusty,
Egg Not,7117612744747,Rusty,
P4 Blackstix Tri Fins (Pivot),7117438550059,Futures,
Express,7117607075883,Rusty,
P6 Blackstix Tri Fins (Pivot),7117438582827,Futures,
D Min,7117607010347,Rusty,
P8 Blackstix Tri Fins (Pivot),7117438615595,Futures,
Yes Thanks,7117606813739,Rusty,
Model 8,7117604487211,Rusty,
Mixed Groove 3 Piece Arch Pad,7117165953067,Channel Islands,
Wild Rosella Sunscreen Lotion SPF 50+,7074438086699,Feel Good Inc.,
The L√§tt Surfboard Sock,7074438185003,Db,
Evident Hood,7093301837867,Former,
Legacy Crew,7093301870635,Former,
Observation Crux 20 Trunk,7093301936171,Former,
Water Vista Duo,7102119116843,Reef,
Palmers Cool,7108861558827,Palmers,
Signal Blocking Key Pouch,7111025197099,Ocean & Earth,
Junior Dawn Patrol 3/2 Back Zip Wetsuit,7111018250283,Rip Curl,
Dope Machine,7074432483371,Misfit,
Hypto Krypto - EPS Softboard,7074433990699,Hayden Shapes,
Odysea Log Jimi Deane Pro Finless Softboard,7074436120619,Catch Surf,
Raging Bull,6895630385195,JS Surfboards,
Volcanic Sweet Potato,7111853703211,Firewire,
Volcanic Repreve Greedy Beaver,7111853670443,Firewire,
Tyler Warren Pivot Single Fin,6861241286699,Captain Fin Co,
Tyler Warren Glass 5 Fin,6861206454315,Captain Fin Co,
FCS II V2 Performance Core Thruster Set,6803811565611,FCS,
Side Loader Bike Rack,6765615743019,Ocean & Earth,
Odysea Log Softboard,4872761901099,Catch Surf,
Seven Seas 2/2mm Short Sleeve Full Suit,4428796854315,Vissla,
Shortboard Lite,1796033871915,Creatures,
FCS II Sally Fitzgibbons PC Tri Fins,6977114701867,FCS,
Shortboard Quad Coffin DT2.0,6760717254699,Creatures,
Travel 3  All Purpose,6688622870571,FCS,
Gun Day Use Cover,1796042620971,Creatures,
Funboard Allrounder DT2.0,6835060867115,Creatures,
Phantom XL Electralite EPS,6794963714091,Pyzel,
Quad Coffin Shortboard Fish Cover,6792654684203,Ocean & Earth,
Sun Cure PU repair Kit (2oz),6688612745259,Creatures,
ADVTG Plus 1/1mm RV Jacket,6688607141931,Hurley,
54-Special Kalani Robb Pro Softboard,4835888660523,Catch Surf,
FCS II SFT Tri Fins,1796837572651,FCS,
Reliance III Dual Traction,6977160937515,Creatures,
Odysea Log Evan Rossell Softboard,6688649445419,Catch Surf,
Odysea Boog Skim,6688605306923,Catch Surf,
Speed Racer,4858737426475,Lithium,
FCS II Modern Keel PG Twin Fins,4481255112747,FCS,
White Swan 3 Piece Traction,7002280460331,Ballet,
Black Swan 3 Piece Traction,7002280329259,Ballet,
Psycho Tech 3/2Mm Chest Zip Full Suit,6555867250731,O'Neill,
Sk8-Hi,4887279468587,Vans,
Neugenie Softboard,7063697293355,MF Softboards,
Sub Driver 2.0 Black Sheep,7111228227627,Lost,
Rad Ripper Black Sheep,7111228194859,Lost,
Fun Division Mid PU PVCP,7111024345131,Aloha,
Keel Twin PU PVCP (22),7111024476203,Aloha,
Fun Division Long Ecoskin,7111024312363,Aloha,
All Round Malibu XF,7093306032171,McCoy,
Fun Division Ecoskin,7111024279595,Aloha,
Log PU PVCP (22),7111024508971,Aloha,
Pin Tail Nose Rider PU PVCP,7111024541739,Aloha,
All Round Nugget XF Epoxy,7111024934955,McCoy,
Monsta 2020 Round Tail Easy Rider,6935886266411,JS Surfboards,
Monsta 2020 Squash Tail Easy Rider,6935832920107,JS Surfboards,
Hypto Krypto - Future Flex,7074434089003,Hayden Shapes,
Tri Plane Hull Longboard Single Box,7074438479915,Channel Islands,
New Wave Mid,7074474262571,Hayden Shapes,
Raging Bull Easy Rider,7109304123435,JS Surfboards,
Ladies 7 Seas Back Zip Short Sleeve Full Suit,7098953302059,Sisstrevolution,
Cymatic - Ibolic Volcanic,7071953027115,Firewire,
Ladies Summer Seas 2/2 Long Sleeve One Piece,7098952908843,Sisstrevolution,
Flashbomb 0.5mm Sleeve-Less Vest,7098953072683,Rip Curl,
Dawn Patrol 22GB Chest Zip Short Sleeve Spring Suit,7098953138219,Rip Curl,
Impact 1.5mm Short John,7098953170987,Vissla,
Ladies Summer Seas Long Sleeve Cheeky,7098953105451,Sisstrevolution,
Womens Dawn Patrol Long Sleeve Front Zip Jacket,7098953236523,Rip Curl,
Impact 1.5mm Vest,7098953433131,Vissla,
Raditude 2mm Front Zip Jacket,7098953498667,Vissla,
Dawn Patrol 1mm Neo Shorts,7102119149611,Rip Curl,
Fusion 50L Bucket,7093302067243,Rip Curl,
MR Box Set Fins,7105836908587,FCS,
Psycho Tech 4/3mm Chest Zip Full Suit,7102450794539,O'Neill,
M's Rubber Tree Mark Resposibili-Tee,7074435039275,Patagonia,
Nathan Florence OTW  Short Sleeve Tee,7074435530795,Vans,
Shaken Skull Short Sleeve Tee,7074437136427,Vans,
Ruptured Long Sleeve T-Shirt,7074437562411,Former,
Sub Crux T-Shirt,7105181614123,Former,
Complexion T-Shirt,7105181745195,Former,
Archives Snap Back,7074430517291,Rip Curl,
Icons Mid Brim Hat,7074433957931,Rip Curl,
Complexion Cap,7105181810731,Former,
Sub Crux Cap,7105181876267,Former,
Davis 5 Panel,7074432745515,Vans,
Morse Code Cap,7105182433323,Octopus,
Tab Cap,7105182466091,Octopus,
Flower Cap,7105182498859,Octopus,
Mega Normal Long Sleeve Tee,7105182302251,Octopus,
Not To Worry Short Sleeve Tee,7105182564395,Octopus,
Cord Tee,7105182662699,Octopus,
Octopus Logo Tee,7105182695467,Octopus,
Sub Scorcher Sting,7106947940395,Lost,
Puddle Jumper Sting,7106947022891,Lost,
Surfboard Display Rack,6702676869163,Rack It Up,
Red Tiger XL,7103448252459,Pyzel,
Hypto Krypto Twin - Future Flex,7073415790635,Hayden Shapes,
Xero Easy Rider,7074437922859,JS Surfboards,
Volcanic Repreve Seaside,7102450729003,Firewire,
Chopped Log PU PVCP,7074430222379,Aloha,
Inferno 72 Epoxy E2,7074434449451,Sharpeye,
EZ Mid PU PVCP,7074433335339,Aloha,
Monsta 10 Easy Rider,7093305868331,JS Surfboards,
Skateboard Deck Display Rack,7097020612651,Rack It Up,
M's R1 Yulex Impact Front Zip Spring Suit,6864819519531,Patagonia,
W's R1 Lite Yulex Front Zip Long Sleeve Spring Suit,6864820895787,Patagonia,
W's R1 Lite Yulex long Sleeve Top,6864820961323,Patagonia,
M's R1 Lite Yulex FZ Spring Suit,6903137533995,Patagonia,
M's R1 Lite Yulex Short John,6903137632299,Patagonia,
W's R1 Lite Yulex Spring Jane,7074438250539,Patagonia,
E-Bomb 3/2mm Zip Free Full Suit,7073425686571,Rip Curl,
Hyperfreak Fire 4/3mm Chest Zip Full Suit,7098952941611,O'Neill,
Boys High Seas Fire 3-2 Full Suit Chest Zip,7098952548395,Vissla,
Bahia 2mm Reef Split Toe Boot,7074430353451,O'Neill,
Psycho Tech 3mm Hood,7093301608491,O'Neill,
Hyperfreak Fire 1.5mm Hood,7093301674027,O'Neill,
Defender 3mm Glove,7093301575723,O'Neill,
Stasher Reef Bootie,7074437660715,O'Neill,
3/2 Chest Zip Fullsuit,7098950615083,Volcom,
2/2 Chest Zip Short Sleeve Fullsuit,7098950582315,Volcom,
2/2 Chest Zip Long Sleeve Springsuit,7098950549547,Volcom,
2/2 Chest Zip Long Sleeve Fullsuit,7098950516779,Volcom,
Girl's Bahia 2mm Long Sleeve Long Spring Suit,7074433499179,O'Neill,
Bahia 3/2mm Chest Zip Full Suit,6879955550251,O'Neill,
Womens Omega 32GB Steamer,6942099701803,Rip Curl,
Flashbomb 3/2mm Chest Zip Steamer,7074433302571,Rip Curl,
Boys Omega Back Zip Spring Suit,7074430320683,Rip Curl,
Psycho Hooded UV LS Crew,7074437365803,O'Neill,
Girls Dawn Patrol 2mm Back Zip Long Sleeve Spring Suit,7074433237035,Rip Curl,
Boys Dawn Patrol 2mm Long Sleeve Back Zip Wetsuit,7074431008811,Rip Curl,
Boys Dawn Patrol Long Sleeve Front Zip Jacket,7074431205419,Rip Curl,
Girl's Reactor 3/2mm Back Zip Full Suit,7074433564715,O'Neill,
O'riginal Zip Through Jacket,7074435104811,O'Neill,
Bahia 4/3mm Chest Zip Full Suit,7093301510187,O'Neill,
Womens Hyperfreak Fire 3/2mm Chest Zip Full Suit,7093301542955,O'Neill,
Bahia Back Zip Long Sleeve Mid Spring 2mm,7074431500331,O'Neill,
Hyperfreak 4/3mm Chest Zip Full Suit,7093301641259,O'Neill,
Womens Dawn Patrol 2mm Short Sleeve Spring Suit,7074438316075,Rip Curl,
E Bomb 32GB Zip Free Long Sleeve Full Suit,7073425588267,Rip Curl,
Cruise Back Zip Long Sleeve Mid Spring 2mm,7074432155691,O'Neill,
E Bomb 22GB Zip Free Long Sleeve Full Suit,7073425653803,Rip Curl,
Boys Defender 3/2mm Chest Zip Full Suit,6864817586219,O'Neill,
Hyperfreak 2/2mm Chest Zip Full Suit,7093301772331,O'Neill,
Womens Hyperfreak 3/2mm Chest Zip Full Suit,6864816898091,O'Neill,
Dawn Patrol 22GB Long Sleeve Chest Zip Spring Suit,7074431696939,Rip Curl,
Hyperfreak TB3X Long Sleeve Crew 1.5mm,7074434318379,O'Neill,
CI Mid Length,6902461333547,Channel Islands,
Sex Wax Purple Cold,7096156749867,Creatures,
MBB Shortboard Bike Rack,7097054396459,Creatures,
MBB Longboard Bike Rack,7097054330923,Creatures,
Happy Traveler - Minus Dims (Pro),7096115232811,Channel Islands,
Mayhem Logo Trucker,7096165564459,Lost,
Clark Vintage Unstructured Cap,7074430025771,Vans,
Baggies Brimmer,7074431533099,Patagonia,
Crux Cap,7074431664171,Former,
Line Logo Ridge Stripe Funfarer Cap,7074434285611,Patagonia,
Mod Tropics Adjustable Cap,7074435760171,Rip Curl,
Sex Wax Six Panel Cap,7074437726251,Creatures,
Silence Cap,7093301903403,Former,
Surf Cap,6977162379307,Creatures,
Post Shallow Cuff Beanie,7074437398571,Vans,
Rider SB Cap,7074437759019,Rip Curl,
Wavefarer Bucket Hat,7074438742059,Patagonia,
Vaporcool Flexfit Cap,7074438840363,Rip Curl,
Happy Traveler - Plus Dims,7094943219755,Channel Islands,
Bingin Soft Peak Surf Hat,7093301739563,Ocean & Earth,
Tolerant Cap,7074438905899,Former,
Observation Beanie,7093301968939,Former,
Sophie Fletcher Surf Hat,7093302231083,Plow Surf Co,
Gumnut Green Surf Hat,7093302263851,Plow Surf Co,
Beach Beige Surf Hat,7093302296619,Plow Surf Co,
G-Skate,7094916710443,Channel Islands,
Hydration Kids 12oz Wide,6961692573739,Hydro Flask,
Ando Single Fin,7094182805547,Futures,
Sky Brown Softboard,7093302558763,FCS,
Oasis Double Up,7093302722603,Reef,
The void,7093305180203,Sito,
Now Or Never,7093305344043,Sito,
Kinetic,7093305376811,Sito,
Diamond,7093305507883,Sito,
Break Of Dawn,7093305540651,Sito,
Bender,7093305573419,Sito,
Twin Pin PU PVCP,7093305999403,Aloha,
Chopped Log Long Ecoskin,7093306163243,Aloha,
Mikey February Twin Fins,7080287567915,Captain Fin Co,
Travel 2 Wheelie Long Board,7093306818603,FCS,
Outer Limits,7093305278507,Sito,
CF Trailer Fin,7080290680875,Captain Fin Co,
CI/Former Twad Fins,7080303165483,Captain Fin Co,
Andy Neiblas Single Fin,7080303657003,Captain Fin Co,
M's Flying Fish Responsibili-Tee,7074433892395,Patagonia,
Defender Reef Split Toe Cinch Strap Boot,7083217322027,O'Neill,
Cohort II Future Flex,7088841752619,Hayden Shapes,
Core Electric Bike,7070629330987,Pedal,
AWDIII Electric Bike,7070629298219,Pedal,
Surf Series Wetty Bucket,7090790203435,Rip Curl,
Psycho Tech 1.5mm  Glove,7090526584875,O'Neill,
Xero Gravity Easy Rider,7074438643755,JS Surfboards,
F Bomb Fusion 3/2mm GB  Zip Free Wetsuit,7089854447659,Rip Curl,
Holy Hypto Future Flex,7088841981995,Hayden Shapes,
Sky Brown 3 Piece Traction,7088862724139,FCS,
FCS II Sky Brown PC Tri Fins,7088857874475,FCS,
Micks Tape SYM with Spray,7087434498091,Lost,
Micks Tape SYM,7087396683819,Lost,
Hydration 32oz Wide Flex Straw Cap,7083217387563,Hydro Flask,
Hydration 21oz Standard Mouth with Flex Cap,7083217453099,Hydro Flask,
Hydration 21oz Standard Mouth With Flex Straw Cap,7083217485867,Hydro Flask,
Standard Mouth Sports Cap,7083217518635,Hydro Flask,
Standard Flex Straw Cap,7083217551403,Hydro Flask,
Trail 21oz Lightweight with Standard Flex Cap,7083217584171,Hydro Flask,
Cushion Vista Perf,7083217649707,Reef,
Red Baron EPS,7083558338603,JS Surfboards,
Volcanic Helium Mashup,7084305580075,Firewire,
Jack Freestone Lite Ecopure Traction,6893360152619,Creatures,
Softboard Resin Repair,7074437627947,Ocean & Earth,
Wax Scraper,7074438873131,Wax Fresh,
Lotion Spf 30+,7074434514987,Sun Bum,
Dritimes Straw Hat,7074431762475,Dritimes,
Small Choice Traction,7071543722027,Octopus,
Front Deck III Traction,7071543754795,Octopus,
Rastarobb Traction,7071543558187,Octopus,
Dylan Graves II Traction,7071543623723,Octopus,
Mega Storm Traction,7071543656491,Octopus,
Nate Tyler IV Traction,7071543689259,Octopus,
Futures Fin Key,7074433695787,Futures,
Finsout Fin Removal Tool,7074433073195,Fins Out,
Dritimes Beach Towel,7074432057387,Dritimes,
Dane 2.0 Trunk,7074432221227,Former,
Biohaz II Traction,7071543525419,Octopus,
All Purpose Bucket Hat,7074431139883,Former,
Palmers Softboard Wax,7074437333035,Palmers,
Red Tiger,7071958499371,Pyzel,
White Tiger,7071948275755,Pyzel,
Deus Connect PG Single Fin,7071897026603,FCS,
Deus Modern PG Keel Fins,7071896961067,FCS,
Deus Power Twin + 1 PG Fins,7071554601003,FCS,
Deus PC Tri Fins,7071554568235,FCS,
Deus Surf Bucket Hat,7071554633771,FCS,
MR 1982 Retro Round Tail,7071477104683,MR,
FRK Plus Ibolic,7068342419499,Firewire,
15FT / 4.55M Tie Downs,7063442292779,Veia,
John John Florence Day Bag,7063442260011,Veia,
16.5FT / 5.0M Tie Downs,7063442227243,Veia,
Four Board Travel Bag,7063442194475,Veia,
John John Florence Pro 7' Leash,7063442161707,Veia,
Explorer 3 Piece Pad,7063442128939,Veia,
John John Florence Grom Pad,7063442096171,Veia,
John John Florence Pro 6' Comp Leash,7063442063403,Veia,
Explorer Flat Pad,7063442030635,Veia,
John John Florence Pro 5' Leash,7063441965099,Veia,
Explorer Day Bag,7063441932331,Veia,
9FT / 2.75M Tie Downs,7063441899563,Veia,
3/2 Convertible Travel Bag,7063441834027,Veia,
John John Florence Pro 6' Leash,7063441801259,Veia,
Rack Pad Wide,7063441768491,Veia,
John John Florence Round Tail Pro Pad,7063441735723,Veia,
12FT / 3.65M Tie Downs,7063441604651,Veia,
F8 Alpha Tri-Quad Fins,6960205135915,Futures,
SBE Circle Surf Cap,7060406140971,Surfboard Empire,
SBE Block Surf Cap,7060406075435,Surfboard Empire,
SBE Circle Tee,7060384022571,Surfboard Empire,
SBE Block Tee,7060382842923,Surfboard Empire,
SBE Box Sticker,7060371767339,Surfboard Empire,
SBE Circle Sticker,7060371570731,Surfboard Empire,
Sharp Eye HC Tri Fins,7058910871595,Futures,
Chlorine Osseus Stringered Epoxy,7058910380075,LSD,
Driver 3.0 Squash,7058169298987,Lost,
Global Hardware Short Sleeve Tee,7058216845355,Creatures,
Reliance III Traction,4504554799147,Creatures,
Stubby,7052126191659,Crime,
Gothic Dolphins,7052126158891,Crime,
Dylan Graves,7052126093355,Crime,
CA Twin,7052126060587,Crime,
Ikat Sandbar Rashguard,6942100881451,Sisstrevolution,
FCS Key Lock 22,6977113882667,FCS,
Essential Truckers Wet Cap,6977114144811,FCS,
Mineral SPF 30 Face Tint 50ml,6977118011435,Sun Bum,
Machado Seaside Quad Fins,7043659038763,Firewire,
1979 Retro Single Fin,7042165047339,MR,
Terrapin,7040032178219,Lib Tech,
Lib Tech - Lost RNF 96,7040032079915,Lib Tech,
Lib Tech - Lost Little Wing,7040031916075,Lib Tech,
Lib Tech - Lost Crowd Killer,7040031850539,Lib Tech,
Puddle Jumper Pro LightSpeed EPS,7037780033579,Lost,
Catfish Super Soft Softboard,7008135249963,MF Softboards,
Geiselman Storm Traction,6942098653227,Gorilla Grip,
Survival First Aid Kit - The Ocean Warrior,7008135348267,Creatures,
Surfboard Empire Gift Card [online only],7032593449003,Surfboard Empire,
Driver 3.0 Round,7020691292203,Lost,
Mini Padillac,7014969507883,Pyzel,
FCS II DH PC Tri Retail Fins,6940065464363,FCS,
Noa Deane UPDA Book,6830419050539,Not specified,
Mid 6 - Thunderbolt Red,6901596782635,Thunderbolt,
FishBeard SpineTek,6902450061355,Channel Islands,
Neutral Honeycomb Quad Rear Pair Fins,6996558151723,Futures,
P8 Alpha Tri Fins,7008073580587,Futures,
P6 Alpha Tri Fins,7008073646123,Futures,
P4 Alpha Tri Fins,7008073711659,Futures,
Xero Gravity,7005679222827,JS Surfboards,
Two Step Alternative Traction,7002280427563,Ballet,
Sinatra Front Traction,7002280394795,Ballet,
Concrete Two Piece Hybrid Traction,7002280362027,Ballet,
Anti Slip 3 Piece Pro Traction,7002280263723,Ballet,
Micks Tape Regular With Spray,6993966497835,Lost,
Micks Tape Regular,6993966432299,Lost,
Micks Tape Goofy With Spray,6993966333995,Lost,
Micks Tape Goofy,6993966235691,Lost,
Mikey February Keel,6879956402219,Captain Fin Co,
Pivot Honeycomb Quad Rear Pair Fins,6996558053419,Futures,
Bobby Quad,6892392022059,Channel Islands,
Travel 2 Fun Board,6929549590571,FCS,
T1 HC Twin+1,6977114865707,Futures,
Free Scrubber,6890653417515,Channel Islands,
High Seas II 1mm Long Sleeve Jacket,6942099800107,Vissla,
CI Pro,6897369776171,Channel Islands,
FCS II Christenson Keel PG Fins,6980942430251,FCS,
VF Rasta Honeycomb Keel Fins,6996383531051,Futures,
Rasta Honeycomb Quad Fins,6996382711851,Futures,
Black Baron 2.1,6985812410411,JS Surfboards,
Swans Purpose Swim Trunk,6985309585451,Former,
"Persuasion 17"" Trunk",6985308635179,Former,
Low End T-Shirt,6985306636331,Former,
Legacy Cap,6985303064619,Former,
Danse T-Shirt,6985302442027,Former,
Dane Purpose Trunk,6985300312107,Former,
Anderson Division Trunk,6985293168683,Former,
Legacy T-Shirt,6985293758507,Former,
Odysea Log Jamie O'Brien Pro Softboard,4855225155627,Catch Surf,
Volcanic Seaside,6985167962155,Firewire,
Griffin Colapinto Ecopure,6977161134123,Creatures,
Wave Bandit Performer Ben Gravy Softboard,4835899834411,Catch Surf,
Grom Reliance Lite Leash,6977161297963,Creatures,
Grom Superlite Leash,6977161461803,Creatures,
Surf Bucket Hat,6977162674219,Creatures,
Italo Ferreira Lite Ecopure,6893364346923,Creatures,
Voyager 1,6978585002027,Pyzel,
Ghost Swallow Tail,6978577530923,Pyzel,
74,6978573107243,Pyzel,
Griffin Colapinto Signature Traction,1796048846891,Creatures,
FCS II BM PG Twin Retail Fins,6977114243115,FCS,
Odysea Skipper Basic Jamie O'Brien Pro Softboard,6688650461227,Catch Surf,
Omega 1.5mm Long Sleeve Jacket,6688574144555,Rip Curl,
T1 Thermotech Twin + Stabiliser Fins,4505355714603,Futures,
FCS II Machado Keel PC Twin Fins,4481232240683,FCS,
HI HP,4419844145195,Thunderbolt,
"HS Plunder 7"" Twin + 1 Single Fins",4374643277867,Futures,
Omega 1.5mm Short Sleeve Wetsuit Jacket,4405965914155,Rip Curl,
T2 FG Twin,6942097997867,Futures,
O & E Allround Comp 6ft XT Leash,4370697584683,Ocean & Earth,
Rasta Keel Twin Fins,1796829610027,Futures,
Fin Case,1796288086059,FCS,
Mojo Bodyboard,6688636469291,Softech,
Sunbum Spray SPF 50+,1809766187051,Sun Bum,
Pyzel Thruster,6942098915371,Futures,
Freedom Helix All Round Calf Leash,6960088350763,FCS,
TP1 HC Thruster,6960141991979,Futures,
HS Gen Series Quad Rear Fins,6960193241131,Futures,
Machado Fibreglass,6961569529899,Futures,
Toledo Softboard,6969314836523,Softech,
Slayer Softboard,6969314738219,Softech,
MR Mid Length Swallow Twin + 1,6964700348459,MR,
Driver 2.0 Grom,6957095092267,Lost,
Driver 2.0 Grom Lightspeed,6956786450475,Lost,
T-3 Fish Eco Traction,6940061433899,FCS,
T-3W Eco 3 Piece Traction,6940061892651,FCS,
FCS II MR FreeridePG Twin Fins,6940062056491,FCS,
FCS II Christenson PG Volan Fin,6940061990955,FCS,
Connect Neo Eco Fin,6940062023723,FCS,
FCS II Performer Tri Fins,1804264701995,FCS,
Classic Fun Board Cover,4844937838635,FCS,
The Djärv 3-4 Surfboard Coffin,6766928396331,Db,
FCS Protect Big Wave Leash,6702113194027,FCS,
CF Pivot Fin,6688645054507,Captain Fin Co,
AM2 Techflex Tri-Quad Fins,4891361181739,Futures,
Bomber Softboard,4856900026411,Softech,
Panda Twin + Trailer Fins,4856565432363,Captain Fin Co,
Original SPF 50 Sunscreen Lotion 237ml,4851362201643,Sun Bum,
Odysea Log Johnny Redmond Pro Softboard,4835891118123,Catch Surf,
Odysea Stump Jamie O'Brien Pro Softboard,4835866509355,Catch Surf,
Alpha Twin + Stabiliser Fins,4820523122731,Futures,
Alpha Quad Rear Set,4817419632683,Futures,
QD2 4.0 Alpha Quad Rear Fins,4505356402731,Futures,
F6 Legacy 5 (Neutral) Fins,4505355321387,Futures,
FCS II Modern Keel PC Twin Fins,4481249476651,FCS,
FCS II PG Split Keel Quad Fins,4400793681963,FCS,
HS2 Generation Tri Fins,4374670049323,Futures,
Christian Fletcher Front Foot Traction,4369901027371,Astro Deck,
Jack Freestone Lite Pin Tail Ecopure Traction,6792653930539,Creatures,
Thermotech Performance Single Fin,6772683604011,Futures,
Beach Football,6690608545835,Sun Bum,
Bahia  Lycra Front Zip Long Sleeve Surfsuit,6688633323563,O'Neill,
Cool Down Lotion,6688620445739,Sun Bum,
Cool Down Aloe Gel,6688620314667,Sun Bum,
Cool Down Aloe Spray,6688619528235,Sun Bum,
"31"" ...Lost Rad Ripper - C7 Complete",6612314325035,Carver,
"30.75"" CI Happy - C7 Complete",6612310556715,Carver,
Dakoda Walters Pro Traction,4521778315307,Ocean & Earth,
Performance Fibreglass Single Fin,4505355943979,Futures,
SB1 Sidebite Fins,4505355649067,Futures,
Controller Honeycomb Quad Fins,4505355059243,Futures,
HI 4,4419835461675,Thunderbolt,
Hobgood Hybrid Traction,1869311082539,Octopus,
Surf Baby SPF30 Sunscreen,1810476662827,Surf Mud,
Sally Fitzgibbons 3 Piece Traction,6701398720555,FCS,
Sunbum Baby Bum 30+ Face Stick,6690611757099,Sun Bum,
Old Skool Leather,4884531413035,Vans,
Party Crasher (With Tint),4465639784491,Lost,
Sunscreen Lip Balm SPF 30 - Pomegranate,1809778114603,Sun Bum,
P6 Legacy Series Tri Fins (Pivot),1796912250923,Futures,
FCS Ratchet Tool,1796816076843,FCS,
Tie Down Silicon,1796063330347,Creatures,
Superlite Longboard Knee,6929544609835,Creatures,
Stash Lock Large,6929552834603,Creatures,
Superlite Longboard Ankle,6929544675371,Creatures,
W4W Wax Comb,6932328742955,Creatures,
Big Baron,6903135141931,JS Surfboards,
Glydra,6939089502251,Lost,
Pyzalien 2 ElectraLite EPS,6938599948331,Pyzel,
Shadow Grom Electralite,6935828987947,Pyzel,
Slater KS Twin + 2 Fins,6934446276651,Endorfins,
FCI Sock Bag,6861189185579,Former,
Puddle Jumper Pro,6905245597739,Lost,
Inferno FT (Limited Edition),6914537455659,Sharpeye,
Grom Mick Eugene Fanning Lite Traction,6688644530219,Creatures,
Stephanie Gilmore Lite EcoPure Traction,6893359038507,Creatures,
Mick Fanning Loc-Lite Ecopure Traction,6893359726635,Creatures,
Grom Griffin Colapinto Lite Ecopure Traction,6903136452651,Creatures,
Mick Eugene Fanning Lite Ecopure Traction,6903136550955,Creatures,
Happy Everyday Spine Tek EPS,6902450749483,Channel Islands,
Hyperfreak Fire 3mm Split Toe Boot,6864817225771,O'Neill,
O'Riginal 2mm Zipperless Short John,6864817651755,O'Neill,
FCS II Towel Poncho,6892366004267,FCS,
CF Slasher Single Fin,6859785502763,Captain Fin Co,
Chippa + NPJ Especial Twin Fins,6861203275819,Captain Fin Co,
Archy Man In Black Fins,6864819126315,Captain Fin Co,
Defender 3/2mm Back Zip Full Suit,6901776318507,O'Neill,
Schooner,6895630778411,JS Surfboards,
"31"" Jamie O'Brien - C7 Complete",6895744581675,Carver,
"30.75"" AIPA Sting - C7 Complete",6895744319531,Carver,
FCS II Gerry Lopez PC Tri Quad Fins,6890674159659,FCS,
FCS II Gerry Lopez PC Tri Fins,6890669932587,FCS,
Carnero Change Towel,6830503788587,O'Neill,
Mens Scunno,6830524104747,Ocean & Earth,
Boys Alldaze Change Towel,6830504804395,O'Neill,
Hydration 24oz Standard,6808957812779,Hydro Flask,
Hyperfreak Expression,6830537769003,O'Neill,
"Skalle 34"" Christenson x Yow Surfskate",6571302846507,Yow,
G-Bomb Madi Long Sleeve Boyleg 1mm Spring Wetsuit,4831790530603,Rip Curl,
FCS Bodyboard Wrist Leash,6688640729131,FCS,
E-Bomb 1.5mm Chameleon Long Sleeve Jacket,4405862924331,Rip Curl,
G BOMB Long Sleeve Back Zip 2mm Spring Wetsuit,4831797772331,Rip Curl,
Astro Pop XL,6794959978539,Pyzel,
Travel 2 All Purpose,6841722306603,FCS,
Ghost XL,6794816192555,Pyzel,
Happy Everyday,6830419673131,Channel Islands,
Easy Seas 3-2 Full Back Zip,6830526791723,Vissla,
Chris Christenson Especial Keel Fin,6830532001835,Captain Fin Co,
Sub Xero HYFI 2.0,6831232090155,JS Surfboards,
Womens Hyperfreak 1.5mm Long Sleeve Crew,6830419312683,O'Neill,
Shaun Manners Traction,6883569041451,Rage,
Rage Thick Rope Leash,6883568844843,Rage,
Rage Light Rope Leash,6883568877611,Rage,
Noa Deane Front Pad Traction,6883568975915,Rage,
Creed Mctaggart Traction,6883568910379,Rage,
Beau Foster Traction,6883569008683,Rage,
E-Bomb E6 1.5mm Long Sleeve GB Wetsuit Jacket,1809679777835,Rip Curl,
Hydration 20oz Wide,6808957911083,Hydro Flask,
Super Soft Softboard,4849022074923,MF Softboards,
Red Baron Softboard,6830420000811,JS Surfboards,
Pyzalien 2 XL,6794958503979,Pyzel,
Sweet Potato,6830420525099,Firewire,
Reliance Longboard Ankle,6816907591723,Creatures,
Moe - Thunderbolt Red,4419839557675,Thunderbolt,
Reliance Longboard Knee Leash,6816910966827,Creatures,
Phantom Electralite EPS,6794963812395,Pyzel,
Reliance Comp 6 Leash,6816885538859,Creatures,
FCS II HS PC Carbon Tri-Quad Fins,6876531621931,FCS,
Revo,6875401781291,Firewire,
Travel 1 Long Board Cover,6841723093035,FCS,
Dawn Patrol Performance 2/2mm Chest Zip Short Sleeve Full Suit,6846116659243,Rip Curl,
Triple Coffin Short/Fish Cover,6846743740459,Ocean & Earth,
O&E Diamond Flex 8ft Longboard Leash,6847230214187,Ocean & Earth,
"One XT Longboard Premium 9'0"" Leash",6847230476331,Ocean & Earth,
Aircon Longboard Cover,6847244009515,Ocean & Earth,
Triple Compact Shortboard Cover,6847315345451,Ocean & Earth,
Josh Hall Single Fin,6859993055275,Captain Fin Co,
Jeff McCallum Glow Glass,6860058951723,Captain Fin Co,
Dion Agius Flowers Tri Fins,6860085624875,Captain Fin Co,
Alex Knost Classic Single Fin,6861202653227,Captain Fin Co,
Mikey February Tri Fins,6861205635115,Captain Fin Co,
Timmy Patterson Tri Fins,6861236371499,Captain Fin Co,
Tyler Warren Twin + Trailer Fins,6859872829483,Captain Fin Co,
Tyler Warren Honeycomb Twin + Trailer Fins,6861241188395,Captain Fin Co,
Tyler Warren Twin Fins,6861241352235,Captain Fin Co,
Wade Goodall Tri Fins,6861241450539,Captain Fin Co,
Troy Elmore Twin Fins,6861256785963,Captain Fin Co,
Crux Hex Trunk,6861188923435,Former,
Crux Hex T-Shirt,6861188890667,Former,
Great Day T-Shirt,6861188497451,Former,
Crux Hex Hood,6861188792363,Former,
Crux Hex Cap,6861188726827,Former,
Crux Hex Beanie,6861188694059,Former,
Shortcut,6859749982251,Pyzel,
Mark Richards Super Surf Skate,6857639264299,MR Skateboards,
High Seas II 3-2 Chest Zip Full Suit,6857233793067,Vissla,
Party Crasher (No Tint),6855853998123,Lost,
FCS II Sharpeye PC Tri Fins,6854805291051,FCS,
Cali Twin Pin,6854733922347,MR,
Next Step,6794961190955,Pyzel,
Dawn Patrol 1.5mm Long Sleeve Front Zip Jacket,6850937356331,Rip Curl,
Wildcat Twin,6846073765931,Pyzel,
Boys Hyperfreak 3/2mm Chest Zip Full Suit,6844019048491,O'Neill,
Mini Ghost Squash Electralite EPS,6794963583019,Pyzel,
Retro Tripper (with spray),6841824772139,Lost,
Retro Tripper,6837433466923,Lost,
Hyperfreak Fire 3/2mm Chest Zip Full Suit,6840468537387,O'Neill,
Red Baron HYFI 2.0,6831226159147,JS Surfboards,
Xero Easy Rider HYFI 2.0,6831225798699,JS Surfboards,
Women's Dawn Patrol Long Sleeve Spring Suit,6830532263979,Rip Curl,
Heavy Seas Impact 2-2 Spring,6830521712683,Vissla,
7 Seas 2mm Front Zip Vest,6830491172907,Vissla,
7 Seas 2mm Front Zip Jacket,6830491041835,Vissla,
Boys High Seas Fire 4/3mm Chest Zip Full Suit,6830420459563,Vissla,
Xero HYFI 2.0,6830420164651,JS Surfboards,
7 Seas Raditude 3/2 Chest Zip Full Suit,6830419705899,Vissla,
Shortboard Day Use DT 2.0,1796034986027,Creatures,
"Mick Fanning x Yow Falcon Performer 33.5"" Surfskate",6817596768299,Yow,
"Mick Fanning x Yow Falcon Driver 32.5"" Surfskate",6817596669995,Yow,
Mick Eugene Fanning Lite Traction,4504531632171,Creatures,
Reliance Pro Leash,1796097605675,Creatures,
Superlite Comp Leash,1829307121707,Creatures,
Comp 6ft Leash,1796093411371,Creatures,
Sci-Fi 2.0 - Ibolic,6806515023915,Firewire,
Medina Round Power Roots,6804956282923,Cabianca,
DFK 2.0 Power Roots,6804956184619,Cabianca,
Medina Squash Power Roots,6804956250155,Cabianca,
FCS II Clique PG Fins,6803812417579,FCS,
FCS II Harley Single Fin,6803811598379,FCS,
FCS II Thomas Single Fin,6803811500075,FCS,
MR Retro Skateboard,6798631043115,MR Skateboards,
Little Wing,6795260559403,Lost,
The Last Crusade,6796544278571,Lost,
Griffin Colapinto Lite Ecopure Traction,6792653963307,Creatures,
Mick Fanning Performance Twin Ecopure Traction,6792653635627,Creatures,
Super Soft Tri Fin Softboard,6774531883051,MF Softboards,
Sugar Glider Softboard,6767713419307,MF Softboards,
TB3X Change Towel,6767698640939,O'Neill,
The Shelter Single Surfboard Bag,6766928461867,Db,
Backpack Pro,6766928330795,Db,
The Aera Tote,6766928298027,Db,
Surfboard Stack Rack Pair,6765614497835,Ocean & Earth,
Twin Pin,6765546897451,Channel Islands,
FCS Surf Wax - Base,6765543555115,FCS,
FCS Surf Wax - Tropical,6765541720107,FCS,
FCS Surf Wax - Warm,6765540737067,FCS,
FCS Surf Wax - Cold,6765538574379,FCS,
Pyzalien 2 XL Electralite EPS,6762167107627,Pyzel,
Lowrider Thin 3 Piece Arch Traction,6760716959787,Firewire,
FCS II Waxhead PG Single Fin,6760716795947,FCS,
Mashup,6760716533803,Firewire,
Xero,6760716468267,JS Surfboards,
Burger Twin Hard Bottom Epoxy Softboard,6760716238891,LSD,
FCS II MR78 PG Twin Fins,6747538522155,FCS,
Shortboard Triple,6747470069803,Creatures,
Nathan Florence Big Wave G10 Paddle Quad Fins,6747469709355,FCS,
Nathan Florence  Big Wave G10 Tri Fins,6747469611051,FCS,
Aipa Twin+1 PG Fins,6747469545515,FCS,
T&C PG Twin+1 Fins,6747469348907,FCS,
Tokoro PC Tri Fins,6747469086763,FCS,
Ian Crane Traction,6747468955691,Octopus,
Mikey February Fish Traction,6747468562475,Octopus,
J Wide Traction,6747467710507,Octopus,
Inferno 72 (Clear),6590242881579,Sharpeye,
Inferno 72 (with Spray),6590245109803,Sharpeye,
BMT FG Twin Fins,6742334341163,Futures,
SOC FG Twin Fin,6742333095979,Futures,
AMT Honeycomb Tri Fins,6742332833835,Futures,
Odysea Log Inspired Unemployed Pro Softboard,6742321561643,Catch Surf,
BT Fish,6742306160683,Tolhurst,
Rarest Bird Twin Tech EPS,6742306029611,Chilli,
Mid Strength Twin Tech EPS,6742305996843,Chilli,
BV2 Twin Tech EPS,6742305964075,Chilli,
Board With No Name,6735250030635,T Patterson,
Jack Freestone FG Thruster,6722571337771,Futures,
FCS II Carver Neo Glass Quad Rear/Side Byte Eco Fins,6712966971435,FCS,
Slater KS1 3 Fin,6712966873131,Firewire,
Slater KS1 5 Fin,6712966807595,Endorfins,
Mirage MF1 Ultimate,6712966742059,Rip Curl,
Insulated Lunch Bag,6712966512683,Hydro Flask,
Dry Storage,6712966479915,Hydro Flask,
XXL Big Wave,6712966152235,Stay Covered,
Heavy Duty Hand Tied Leash,6712966086699,Stay Covered,
RNF 96,6712886853675,Lost,
Nathan Florence Pod Racer,6710624780331,JJF,
Ivan Florence Fish Softboard,6710573334571,JJF,
Step Driver,6708745961515,Lost,
Double Up,6708242776107,Lost,
Round Up,6708242710571,Lost,
Bean Bag,6708232028203,Lost,
"Summer Vaycay Drop Through 38""",6707917946923,Ob Five,
"Lotus Drop Through 38""",6707916636203,Ob Five,
"Lotus Cruiser 28""",6707916406827,Ob Five,
"Leilani Longboard 38""",6707916111915,Ob Five,
RV,6707872661547,Lost,
Evil Twin,6707803488299,Lost,
Vertical Skateboard Display Rack,6702677098539,Rack It Up,
Snowboard Deck Display Rack,6702676279339,Rack It Up,
T-3 Eco 3 Piece Traction,6701457768491,FCS,
Eclipse Bucket Hat 3.0,6690616639531,O'Neill,
Boys Hyperfreak 2mm Chest Zip Short Sleeve Full Suit,6690615263275,O'Neill,
Originals Towel,6690614542379,O'Neill,
Cloudbreak Surf Hat,6690613624875,O'Neill,
Sun Bum SPF 15 Browning Oil 251ml,6690612117547,Sun Bum,
Beach Flyer,6690609627179,Sun Bum,
Original SPF50 Face Lotion PP,6690609528875,Sun Bum,
Loot Foamy,6688649838635,HS,
Ezi Rider Tri Fin Softboard,6688649576491,Ocean & Earth,
Lil' Ripper Softboard,6688648101931,Softech,
Reliance Grom Surf Cap,6688645152811,Creatures,
Fin Savers,6688645120043,Creatures,
Groovy City Rashguard,6688644464683,Sisstrevolution,
Boys High Seas 1mm Long Sleeve Jacket,6688644399147,Vissla,
Bahia 2mm Back Zip Long Sleeve Mid Spring,6688644169771,O'Neill,
Boys High Fire 1mm Long Sleeve Jacket,6688643350571,Vissla,
Reactor UV Long Sleeve Rash Vest,6688643219499,O'Neill,
Hyperfreak Trvlr Nomad Boardshort,6688642727979,O'Neill,
Hydrofreak Hydro Comp Boardshort,6688642596907,O'Neill,
Hyperfreak TB3X 1.5Mm No Sleeve Vest,6688642334763,O'Neill,
Boys Hyperfreak 1.5mm TB3X Long Sleeve Wetsuit Jacket,6688642170923,O'Neill,
Reliance Wrist Leash,6688642138155,Creatures,
Cruise Front Zip 2mm Long Jane Wetsuit,6688642039851,O'Neill,
Blueprint Long Sleeve Front Zip 2mm Wetsuit Jacket,6688642007083,O'Neill,
O'Riginal 2mm Wetsuit Vest,6688641744939,O'Neill,
Slater Front Foot Traction Pad,6688641384491,Firewire,
Weekend Thin Foot Traction Pad,6688641286187,Firewire,
DHD Twin Softboard,6688641122347,MF Softboards,
Icon Wrist,6688640008235,Creatures,
Barry Basic Longboard Cover,6688638828587,Ocean & Earth,
Junior Girl GBomb Sub Long Sleeve Spring Suit,6688636928043,Rip Curl,
Twin Town,6688633847851,MF Softboards,
Reactor UV Short Sleeve Rash Vest,6688633258027,O'Neill,
Psycho UV Long Sleeve Rash Vest,6688632733739,O'Neill,
Psycho UV Short Sleeve Rash Vest,6688632635435,O'Neill,
Hot Knife,6688630865963,Chilli,
Volume II,6688630767659,Chilli,
BV2,6688630669355,Chilli,
Faded 2.0,6688630603819,Chilli,
Rarest Bird,6688630505515,Chilli,
Mid Strength,6688629588011,Chilli,
Disco Cheater,6688629555243,Sharpeye,
Bullet Twin,6688628998187,STCY,
Times Two,6688628441131,STCY,
Ohlson Twin,6688627916843,STCY,
Master Killer,6688627851307,STCY,
The Roach II,6688627753003,STCY,
Sampler,6688625360939,Channel Islands,
Mikey February Bonzer,6688623132715,Captain Fin Co,
Hypto Krypto Twin PU,6688622805035,Hayden Shapes,
LB Techflex 2+1 Set Fins,6688622084139,Futures,
Gerry Lopez Single Fin,6688622018603,Futures,
Zack Flores Twin,6688621756459,Futures,
Twinny Osseus Stringered Epoxy,6688620609579,LSD,
Defender 1mm Long Sleeve Crew Revo,6688616284203,O'Neill,
Boys Reactor 2mm Back Zip Short Sleeve Spring Suit,6688616153131,O'Neill,
Hyperfreak Solid 2.0 Boardshort,6688615989291,O'Neill,
Hyperfreak Hydro,6688615923755,O'Neill,
Therma Short Sleeve Crew,6688615792683,O'Neill,
Thermo Long Sleeve Crew,6688615759915,O'Neill,
Bahia 2mm Long Sleeve Back Zip Long Spring,6688614875179,O'Neill,
Bahia 2mm Short Sleeve Chest Zip Full Suit,6688614776875,O'Neill,
Binggal Bulaa Twin,6688614645803,STCY,
Wettie Logo Short Sleeve UV Shirt,6688614055979,Rip Curl,
24/7 Tech Long Sleeve Surf tee,6688613990443,O'Neill,
Reactor II 2mm Back Zip No Sleeve Shorty,6688613629995,O'Neill,
Boys Hyperfreak TB3X 1.5mm Long Sleeve crew,6688613498923,O'Neill,
Wine Bottle 25oz,6688613433387,Hydro Flask,
Unbound Ice Pack,6688613400619,Hydro Flask,
Wine Tumbler Lid 10oz,6688613335083,Hydro Flask,
Closeable Press-In Lid,6688613236779,Hydro Flask,
Packable Bottle Sling,6688613204011,Hydro Flask,
Wide Flex Cap,6688613138475,Hydro Flask,
Reactor II 1mm Short Sleeve Crew,6688612876331,O'Neill,
Chubby Chedda 2 Osseus Stringered Epoxy,6688611532843,LSD,
Admiral Fiberglass Single Fin,6688611106859,Futures,
"3/4"" box filler kit",6688610517035,Futures,
The Gem Diamond - Thunderbolt Red,6688610385963,Thunderbolt,
Hyperfreak 2mm Chest Zip Spring Suit,6688607010859,O'Neill,
B ADVTG Plus 1/1mm RV Jacket,6688606519339,Hurley,
Baby Mineral Sunscreen SPF 50+,6688606060587,Feel Good Inc.,
After Sun Cooling Lotion,6688606027819,Feel Good Inc.,
Sensitive Body Milk,6688605929515,Feel Good Inc.,
Odysea Classic Bodyboard,6688605470763,Catch Surf,
Reactor UV Long Sleeve Rash Tee,6688605175851,O'Neill,
Reactor UV Short Sleeve Rash Tee,6688604848171,O'Neill,
Davenport UV Long Sleeve Surf Tee,6688604749867,O'Neill,
24/7 Hybrid UV Short Sleeve Surf Tee,6688604618795,O'Neill,
Defender Chest Zip Short Sleeve Spring Suit 2mm,6688604520491,O'Neill,
O'Riginal 2mm Zipperless Long John,6688604422187,O'Neill,
Defender Back Zip Short Sleeve Spring Suit 2mm,6688604127275,O'Neill,
NSP Protech Fun,6688603144235,NSP,
Odysea Skipper Tyler Stanaland Pro Quad Softboard,6688601407531,Catch Surf,
Skindog PC Medium Bytes,6688595050539,FCS,
Neck Beard 3 Spine Tek,6688575684651,Channel Islands,
Bahia Back Zip Full 3/2MM,6688574308395,O'Neill,
Dakota Walters Pro Center Deck,6688573194283,Ocean & Earth,
"Em Carey Pastel Cruiser 28""",6688542097451,Ob Five,
"Em Carey Pastel Drop Through 38""",6688541999147,Ob Five,
"Wave Park Hyper Cruiser 28""",6688541900843,Ob Five,
Fantasy Island Drop Through,6688541769771,Ob Five,
"Summer Vaycay Cruiser 28""",6688541671467,Ob Five,
"Daisy Cruiser 28""",6688538755115,Ob Five,
RNF 96 Lightspeed EPS,6687067897899,Lost,
Lost Logo Trucker,6679392092203,Lost,
Mini Ghost Round Electralite EPS,6678937337899,Pyzel,
Kakadu Plum Sunscreen Lotion SPF 50+,6625800388651,Feel Good Inc.,
Kakadu Plum Body Milk - Moisturiser,6625800355883,Feel Good Inc.,
FU Wax,6622555537451,Fu,
Rocket Wide Squash Spine Tek,6622524080171,Channel Islands,
FCS II MF PC Twin + Stabiliser Fins,6618314768427,FCS,
RM PG Quad Fins,6617646989355,FCS,
Kelia Moniz PG,6616013701163,FCS,
FCS II Flow II PG,6616013635627,FCS,
FCS II Pivot II PG,6615975034923,FCS,
FCS II Rob Machado PG Side Bytes,6615968088107,FCS,
JS Modern Keel PG,6615967989803,FCS,
FCS II CI PC Reactor Tri Fins,6615967760427,FCS,
FCS II Machado PG Single Fin,6615967498283,FCS,
Mini Ghost Squash,6615786848299,Pyzel,
Mini Ghost Round,6615040557099,Pyzel,
"29.5"" Lost x Carver RNF Retro - C7 Complete",6614758850603,Carver,
Greedy Beaver,6614662152235,Firewire,
Kick Mid Deck Traction,6614366617643,Gorilla Grip,
Kick Traction,6614366552107,Gorilla Grip,
Warp Traction,6614366453803,Gorilla Grip,
Warp Mid Deck,6614366421035,Gorilla Grip,
Julian Tread-Lite Traction,6614366158891,FCS,
Kolohe Tread-Lite Traction,6614366126123,FCS,
Toledo Tread-Lite Traction,6614349709355,FCS,
FCS II Single PG Fin,6612477378603,FCS,
FCS II JS Power Twin PG Fins,6612475379755,FCS,
CF Keel Twin Fins,6612473118763,Captain Fin Co,
"30"" ...Lost Rocket Redux - C7 Complete",6612310622251,Carver,
"30.5"" ...Lost Puddle Jumper - C7 Complete",6612310589483,Carver,
"29.25"" CI Fishbeard - C7 Complete",6612310491179,Carver,
"29"" ...Lost Hydra - C7 Complete",6612310458411,Carver,
Freedom Helix Comp Leash,6600013479979,FCS,
Freedom Helix All Round Leash,6599972487211,FCS,
"Dark 2 34.5"" Pukas x Yow Surfskate",6595777265707,Yow,
7 Seas 2-2 Short Sleeve Full Suit Back Zip,6595527376939,Vissla,
7 Seas 3/2mm Back Zip Full Suit,6594875785259,Vissla,
Highline,6594862776363,Pyzel,
7 Seas 2/2mm Short Sleeve Full Suit,6594861105195,Vissla,
Mid Length Crisis,6594826797099,Pyzel,
Sunday,6594309718059,Firewire,
Neck Beard 3,6594299363371,Channel Islands,
Two Happy,6594287861803,Channel Islands,
Twin Pin with Tint,6590044733483,Channel Islands,
Rad Ripper LightSpeed EPS,6587921170475,Lost,
Cali Twin LightSpeed EPS,6587920744491,MR,
Coffin Bros FG Tri Fin,6584822923307,Futures,
F4 Thermotech Tri Fins,6583612473387,Futures,
4 Piece Front Grip,6578983010347,Channel Islands,
Machado Twin + 1 Blackstix 3.0 Fins,6577997348907,Futures,
AM1 Alpha Series Tri Fins,6577993023531,Futures,
Flashbomb 3/2mm Zip Free Full Suit,6576942088235,Rip Curl,
Boys Dawn Patrol 2mm Short Sleeve Springsuit,6576934780971,Rip Curl,
Defender 2mm Chest Zip Short Sleeve Full Suit,6576918036523,O'Neill,
Voodoo 3 Piece Combo Traction,6575596830763,Futures,
Wildcat 2 Piece Flat Traction,6575589883947,Futures,
Phat Three Black Cloud Traction,6575588278315,Gorilla Grip,
Jordy Signature Traction,6574891270187,Futures,
"Pipe 32"" Yow Surfskate",6571302813739,Yow,
"Shadow 34"" Pyzel x Yow Surfskate",6571302780971,Yow,
"Lane Splitter 34"" Christenson x Yow Surfskate",6571302748203,Yow,
"Medina x Yow Camo 33.5""Surfskate",6571302682667,Yow,
"Huntington 30"" Grom Series Yow Surfskate",6571302649899,Yow,
"Hossegor 29"" Grom Series Yow Surfskate",6571302617131,Yow,
"Hole Shot 33.85"" Christenson x Yow Surfskate",6571302551595,Yow,
"Ghost 33.5"" Pyzel x Yow Surfskate",6571302518827,Yow,
"C-Hawk 33"" Christenson x Yow Surfskate",6571302387755,Yow,
"Arica 33"" Yow Surfskate",6571302354987,Yow,
Griffin Colapinto Lite Traction,6571996872747,Creatures,
Brewster 3 Piece Square Grid Traction,6571988320299,Futures,
Dawn Patrol 2mm Chest Zip Short Sleeve Full Suit,4830120968235,Rip Curl,
Logo Tail Pad,6565211406379,LSD,
Hyperfreak Comp 3/2mm  Zipperless Full Suit,6562123907115,O'Neill,
Hyperfreak 2mm Chest Zip Short Sleeve Spring Suit,6561410187307,O'Neill,
Italo Ferreira Lite Signature Traction,6557417046059,Creatures,
Womens Hyperfreak 2mm Chest Zip Long Sleeve Spring Suit,6554549944363,O'Neill,
Masher Stubby Cooler,6551598694443,Lost,
Cooly Rat Stubby Cooler,6551598661675,SBE,
Bad Brains Stubby Cooler,6551598628907,SBE,
Coffee Cup  Wide Flex Sip Lid,6551585521707,Hydro Flask,
Hydroflask 12oz Coffee Cup,6551562354731,Hydro Flask,
IF 15,6550890971179,T Patterson,
Sub Driver 2.0 Grom,6549537783851,Lost,
FCS II H4 Quad Rear Fins,6547972128811,FCS,
Hyperfreak TB3X 1.5mm Long Sleeve Vest,6545899061291,O'Neill,
Hyperfreak 3/2mm Chest Zip Full Suit,6545875730475,O'Neill,
Hyperfreak 2mm Chest Zip Short Sleeve Full Suit,6545726177323,O'Neill,
Astro Pop ElectraLite EPS,6544790880299,Pyzel,
Biohaz Traction,6542002126891,Octopus,
"Gerry 7.75"" Single Fin",6541737852971,Futures,
Front Foot Gridlock 2 Piece Traction,6536113815595,Astro Deck,
Kyuss Traction,6536112209963,Gorilla Grip,
Stretch Honeycomb Quad Fins,6535979302955,Futures,
Rob Machado V2 Blacksticks 3.0 Tri Fins,6535964721195,Futures,
Rob Machado PG Tri-Keel Fins,6535218659371,FCS,
Firewire Honeycomb Tri-Quad Fins,6535205978155,Futures,
FCS II Harley Quad Fins,6535184318507,FCS,
F8 Thruster Soft Fins (Packaged),4891372683307,Futures,
FCS II Christenson Performance Glass Longboard Fin,4891369865259,FCS,
Carver PG Quad Rear Side Byte Fins,4891366522923,FCS,
Scotty Stopnik Single Fin,4891355775019,Captain Fin Co,
CF Raked Single Fin,4890652508203,Captain Fin Co,
V2 F8 Blackstix Tri Fins,4890620362795,Futures,
FCS II Rob Machado PC Twin + Stabiliser Fins,4481436942379,FCS,
UltraRange Exo,4887273865259,Vans,
Puddle Jumper HP LightSpeed EPS,4886421569579,Lost,
FCS II CI PC Tri Fins,4886399352875,FCS,
Flat Earth (LFT),4881732567083,Firewire,
The Scalded Cat,4881236656171,MR,
The Hammer,4877528170539,LSD,
Lib Tech - Lost Rocket Redux,4876649627691,Lib Tech,
Lib Tech - Lost Puddle Jumper HP,4876330762283,Lib Tech,
Uber Driver LightSpeed EPS,4875696504875,Lost,
Twice Baked,4872343912491,Firewire,
Heritage Retro Fish Softboard,4870794870827,Catch Surf,
Beater Original 54 Twin Softboard,4870774325291,Catch Surf,
Astro Glider,4870701809707,Pyzel,
Shadow XL,4867954737195,Pyzel,
Pool Party 2,4862476189739,T Patterson,
Synthetic 84,4862467735595,T Patterson,
Odysea Skipper Quad Jamie O'Brien Pro Softboard,4862466654251,Catch Surf,
Ando Blackstix 3.0 Tri Fins,4862124654635,Futures,
"QD2 4"" Symmetrical Thermotech Quad Rears",4861645029419,Futures,
"QD2 3.75"" Alpha Quad Fins",4861644046379,Futures,
Mayhem Evil Twin + Stabiliser,4861643522091,Futures,
Blak Box 3 Squash Tail HYFI,4859482210347,JS Surfboards,
Mikey February Traction,4858492354603,Octopus,
Gromlin,4857549586475,Pyzel,
Phantom Grom,4857536839723,Pyzel,
The Triplet Softboard,4856899502123,Softech,
The Middie Softboard,4856898781227,Softech,
Pyzel Padillac Quad Fins,4856893636651,Futures,
Front Foot Hex Traction,4856838094891,Firewire,
Slater 5 Piece Action Traction,4856835637291,Firewire,
Panda Keel Twin Fins,4856564711467,Captain Fin Co,
Josh Hall Tri Fins,4856558190635,Captain Fin Co,
MISC Future-Flex,4856534401067,Hayden Shapes,
FCS Surf Wax - Cool,4856513298475,FCS,
Sex Wax Green Cool,4856494784555,Creatures,
Modern 2 Surftech E2 Fusion,4856222154795,Sharpeye,
"OB Five Happy Hour Cruiser 28""",4856178638891,Ob Five,
"Leilani Cruiser 28""",4855324082219,Ob Five,
CF Twin Especial Fins,4854923886635,Captain Fin Co,
Fish Icon Lite,4854599581739,Creatures,
Shortboard Aero Lite Cover,4854598697003,Creatures,
Shortboard Icon Lite,4854594011179,Creatures,
Longboard Icon Sox,4854592569387,Creatures,
Fish Day Use Cover DT 2.0,4854589620267,Creatures,
Short Board Icon Sox,4854588538923,Creatures,
Fish Icon Sox,4854585720875,Creatures,
FCS Leg Rope String,4853899722795,FCS,
FCS D-Ring Tie Downs,4853888516139,FCS,
FCS D-Ring Tie Down Soft Racks,4853885960235,FCS,
Nose Protector,4853864759339,Creatures,
FCS Key Lock,4853840642091,FCS,
O&E Slimline Comp 6ft Leash,4852539097131,Ocean & Earth,
Icon 9ft Leash,4852515438635,Creatures,
Icon 8ft Leash,4852514095147,Creatures,
Icon 7ft Leash,4852512129067,Creatures,
Tech Bomb Long Sleeve UV Tee Rash Vest,4852504526891,Rip Curl,
O&E Slimline Ultralight Pro Comp 6ft Leash,4852501315627,Ocean & Earth,
Alltime Short Sleeve Rashie,4852498923563,Vissla,
"One XT Premium 8'0"" Leash",4852489715755,Ocean & Earth,
Sticky Zinc SPF 50+,4851864993835,Feel Good Inc.,
Signature Sunscreen Lotion SPF 50+,4851859357739,Feel Good Inc.,
Sensitive Sunscreen Lotion SPF 50+,4851854114859,Feel Good Inc.,
Pawpaw Nectar,4851849822251,Feel Good Inc.,
Coconut Sunscreen Lotion SPF 50+,4851848839211,Feel Good Inc.,
Coco Milk Moisturiser,4851840843819,Feel Good Inc.,
Signature SPF 40 Tinted Face Stick,4851369967659,Sun Bum,
Original SPF 30 Sunscreen Lotion 237ml,4851353452587,Sun Bum,
Sub Driver 2.0 Lightspeed EPS,4851292700715,Lost,
AM2 Techflex Tri Fins,4851005390891,Futures,
Coffee Mug 12oz,4850601197611,Hydro Flask,
Hydration 21oz Standard,4850598117419,Hydro Flask,
2.0 Hydration 32oz Wide,4850592841771,Hydro Flask,
DHD Black Diamond Softboard,4849022468139,MF Softboards,
X-File 2.0,4848634331179,T Patterson,
FCS II MR PC  Twin + Stabiliser Fins,4848090611755,FCS,
New Flyer PU Grovellor,4844917620779,Channel Islands,
Holy Grail Future-Flex,4844905725995,Hayden Shapes,
FCS II Firewire PC Tri Quad Fins,4844317311019,FCS,
The Gem Diamond Series,4843505123371,Firewire,
Dominator 2.0,4843456004139,Firewire,
Seaside and Beyond Timber Tek,4843436736555,Firewire,
Seaside and Beyond LFT,4843422416939,Firewire,
Monsta Box 2020 Swallow Tail HYFI,4841109028907,JS Surfboards,
Monsta 2020 Squash Tail HYFI,4841096609835,JS Surfboards,
Swallow Traction,4841055780907,Octopus,
Machado Pivot Blackstix 3.0 Tri Fins,4836745674795,Futures,
FCS II Christenson Twin PG Fins,4835923296299,FCS,
Wave Bandit EZ Rider Ben Gravy Pro Softboard,4835898228779,Catch Surf,
Seaside,4297139126315,Firewire,
Hypto Krypto Future Flex,4835152986155,Hayden Shapes,
Sci-Fi 2.0 Grom,4835141648427,Firewire,
Gremlin Softboard,4832931905579,JJF,
Astrofish Softboard,4832931872811,JJF,
G BOMB Long Sleeve 1mm Spring Hi Cut Wetsuit,4831793807403,Rip Curl,
Eric Geiselman Flash Softboard,4830155964459,Softech,
Dawn Patrol 1.5mm Short John,4830116020267,Rip Curl,
"QD2 3.75"" Flat HC Quad Rear Fins",4825383600171,Futures,
F6 Honeycomb Tri Fins,4825383501867,Futures,
F4 Alpha Tri-Quad Fins,4825377177643,Futures,
QD2 4.0 Flat Quad Rear Fins,4825310330923,Futures,
Retro Muscle Black,4823966023723,Lost,
Mayhem Muscle Acid Black,4823965663275,Lost,
Thermotech TMF-1 Single Fin,4820524564523,Futures,
Twiggy Gun Fiberglass Tri-Quad Fins,4820523876395,Futures,
Shark Eyes,4820509851691,Shark Eyes,
CI Keel PG Large Twin Fins,4817359765547,FCS,
3 Piece Arch Traction,4804468244523,Firewire,
Hypto Krypto Softboard,4804063330347,Hayden Shapes,
Eugenie Softboard,4798762647595,MF Softboards,
Beastie Softboard,4798762582059,MF Softboards,
Dusty Retro Longboard,4526611857451,Salt Gypsy,
SuperFish 4 PU,4526227750955,7S,
Donald Takayama Scorpion 2 Tuflite PC,4526164344875,Takayama,
Donald Takayama In The Pink Tuflite,4526163787819,Takayama,
Donald Takayama DT2 Tuflite,4526159233067,Takayama,
Caroline Marks Traction,4521397321771,FCS,
T-3 Pin Traction,4521396961323,FCS,
T-3 Mid Traction,4521395290155,FCS,
T-3 Fish Traction,4521392767019,FCS,
Icon Leash,4520706277419,Creatures,
Sub Driver 2.0,4519260160043,Lost,
The Medina Swallow Tail,4511626461227,Cabianca,
Ultrasex Medium Leash 6ft,4511610798123,Octopus,
Comp Leash 6ft,4511610667051,Octopus,
P8 Legacy Series Tri Fins (Pivot),4506803437611,Futures,
T1 Honeycomb Twin + Stabiliser Fins,4505356533803,Futures,
Rasta Quad Fins,4505356501035,Futures,
"QD2 4.15"" Honeycomb Quad Rear Fins",4505356468267,Futures,
Pancho Control Series Tri Fins,4505356304427,Futures,
Pyzel 5 Tri-Quad Fins,4505356271659,Futures,
Machado Quad Fins,4505355976747,Futures,
Performance Fibreglass Single Fin - Grey,4505355780139,Futures,
F8 Legacy Tri-Quad Fins (Neutral),4505355419691,Futures,
F6 Legacy Tri Fins (Neutral),4505355354155,Futures,
F4 Legacy Quad Fins (Neutral),4505355288619,Futures,
EN Fiberglass Twin Fins,4505355190315,Futures,
EA Control Series Tri Fins,4505355157547,Futures,
DHD Honeycomb Tri Fins,4505355124779,Futures,
Controller Alpha Quad Fins,4505355092011,Futures,
Akila Aipa Glass Twin Fins,4505354928171,Futures,
EA Control Series Quad Fins,4505311281195,Futures,
Reliance III Cord Traction,4504547491883,Creatures,
Icon III Traction,4504545755179,Creatures,
Grom Front Deck IV Lite Traction,4504543887403,Creatures,
Grom Jack Freestone Lite Traction,4504543166507,Creatures,
Front Deck III Cord Traction,4504539398187,Creatures,
Jack Freestone Lite Traction,4504532647979,Creatures,
Maguro,4498898518059,Sharpeye,
Mayhem Trucker,4494111178795,Lost,
Super Twin 2,1834331537451,MR,
Blak Box 3 PU,4492608045099,JS Surfboards,
Bush Ranger 3,1837895483435,MR,
Bush Ranger Step Up,1871012102187,MR,
Bush Ranger Gun,1871012036651,MR,
Puffer Twin,1862494158891,MR,
Puffer 5,1862497304619,MR,
1980 Retro Pro,1796925489195,MR,
Cali Twin,4318991843371,MR,
Raging Bull Round Tail Hyfi,4483889561643,JS Surfboards,
Monsta Box 2020 Squash Tail HYFI,4483889528875,JS Surfboards,
Monsta Box 2020 Squash Tail Easy Rider,4483889463339,JS Surfboards,
Monsta 2020 Squash Tail,4483889332267,JS Surfboards,
Monsta 2020 Round Tail,4483889299499,JS Surfboards,
Black Baron EPS,4483889233963,JS Surfboards,
Air 17 X,4483889201195,JS Surfboards,
Bullseye Round Tail Hyfi,4463264497707,JS Surfboards,
FCS II Power PG Twin + Stabiliser Fins,4481371439147,FCS,
FCS II Power Twin PG Fins,4481310130219,FCS,
FCS II JW Grom PC Tri Fins,4481212547115,FCS,
FCS II JS PC Tri Fins,4481193279531,FCS,
FCS II Harley Longboard Tri Fins,4481192624171,FCS,
FCS II Firewire PC Carbon Tri Retail Fins,4481174175787,FCS,
FCS II Connect PG Fin,4479491768363,FCS,
FCS II Carver PC Carbon Tri Fins,4479490424875,FCS,
FCS II Accelerator PC Tri Fins,4479489638443,FCS,
FCS II Carver PC Quad Rear Fins,4479487508523,FCS,
Tyler Warren Especial Twin + Trailer Fins,4479288901675,Captain Fin Co,
NPJ Quartet Quad Fins,4479276843051,Captain Fin Co,
Jeff McCallum Quad Fins,4479216844843,Captain Fin Co,
Jeff McCallum Especial Quad Fins,4479208357931,Captain Fin Co,
Chris Christenson Especial Twin Fins,4479192170539,Captain Fin Co,
Chippa Wilson Tri Fins,4479153111083,Captain Fin Co,
Chippa Wilson Bones Tri Fins,4479143968811,Captain Fin Co,
Skinny Fish Traction,4478256807979,Gorilla Grip,
Nate Tyler III Traction,4476834283563,Octopus,
Chippa Wilson Front Traction,4476817604651,Octopus,
Dion Agius III Traction,4476816982059,Octopus,
Chippa Wilson III Traction,4476814786603,Octopus,
GT,4473428967467,LSD,
Odysea x Lost Crowd Killer Softboard,4469704523819,Catch Surf,
Glazer LFT,4465099341867,Firewire,
6'10 ADDvance,4465068343339,Firewire,
F4 Legacy Tri-Quad Fins (Neutral),4374604644395,Futures,
AMT Honeycomb Twin Fins,4374629548075,Futures,
AMK Glass Twin Keel Fins,4348883271723,Futures,
AM1 Tech Flex Tri Fins,1796815355947,Futures,
Fever,4445469442091,Channel Islands,
Driver 2.0 LightSpeed EPS,4441976897579,Lost,
"31.75"" CI Black Beauty Complete",4439138041899,Carver,
Boys 7 Seas 2-2 Short Sleeve Full Suit,4430369620011,Vissla,
Gadoo Front Zip,4428804816939,Vissla,
7 Seas 3/2mm Chest Zip Full Suit,4428804030507,Vissla,
7 Seas 2/2mm Chest Zip Full Suit,4428803899435,Vissla,
Twinny,4428155715627,LSD,
Chubby Chedda Round,4428149915691,LSD,
Noa Pro Model Swallow,4428137725995,LSD,
The Noa Chlorine Round,4428125143083,LSD,
The Noa Chlorine Squash,4428121276459,LSD,
Storms,4428011405355,Sharpeye,
Disco Inferno,4428007407659,Sharpeye,
HT 2.5,4428002885675,Sharpeye,
Icon Fish Traction,4424537800747,Creatures,
Smooth Operator (no tint),4409729908779,Lost,
E Bomb 2/2mm Zip Free Short Sleeve Spring Suit,4405896052779,Rip Curl,
E-Bomb 3/2mm Zip Free Long Sleeve Full Suit,4405869707307,Rip Curl,
Dawn Patrol Reversible 1.5mm Long Sleeve Jacket,4405858402347,Rip Curl,
Dawn Patrol 3/2mm Chest Zip Long Sleeve Full Suit,4405804269611,Rip Curl,
Dawn Patrol 2mm Chest Zip Long Sleeve Spring Suit,4405781102635,Rip Curl,
Dawn Patrol 2mm Back Zip Short Sleeve Spring Suit,4405778776107,Rip Curl,
Dawn Patrol 2mm Chest Zip Short Sleeve Spring Suit,4405772189739,Rip Curl,
7 Seas 2/2mm Spring Suit,4405108277291,Vissla,
7 Seas 2/2mm Long Sleeve Spring Suit,4405106737195,Vissla,
High Seas 1mm Short Sleeve Jacket,4405102837803,Vissla,
High Seas 1mm Long Sleeve Jacket,4405101789227,Vissla,
Sub Driver Swallow Tail,4401922703403,Lost,
Creatures Wax Comb Tool Premium,4400762716203,Creatures,
Ding All Sun Cure 29 ML Epoxy,4400759308331,Creatures,
Mick Fanning Lite Eco Pure Traction,4400750362667,Creatures,
Cooly Rat Tee Vintage Black,4398177058859,Surfboard Empire,
Bad Brains Tee (SBE),4398151761963,Surfboard Empire,
The Jane Traction,1809633706027,Gorilla Grip,
FCS II H4 Tri Fins,4395331059755,FCS,
Swordfish,4394980180011,Lost,
Retro Lost Logo Sticker,4394923425835,Lost,
Retro Lost Rail Sticker,4394922442795,Lost,
Retro Lost Spiral Sticker,4394915037227,Lost,
Retro Mayhem Sticker,4394913923115,Lost,
Pyzalien 2,4392275247147,Pyzel,
FishBeard,4378299990059,Channel Islands,
Uber Driver XL,4387167567915,Lost,
The Medina Squash,4386005975083,Cabianca,
DFK 2.0,4386005680171,Cabianca,
Bandida,4386005516331,Cabianca,
FCS II Reactor PC Carbon Tri Fins,4385426800683,FCS,
Shadow Grom,4384830750763,Pyzel,
FCS II Reactor PC Quad Rear Fins,4382488330283,FCS,
FCS II Reactor Neo Glass Tri Fins,4382482137131,FCS,
FCS II Performer PC Quad Rear Fins,4382481383467,FCS,
FCS II Mick Fanning Tri Fins,4381416521771,FCS,
Tomo Fibreglass Quad Fins,4374696263723,Futures,
R6 Legacy Series (Rake) Tri Fins,4374676439083,Futures,
R4 Legacy Series Tri Fins (Rake),4374676045867,Futures,
Mayhem Tri Fins Small,4374675554347,Futures,
Mayhem Tri Fins Medium,4374674997291,Futures,
Mayhem Large Tri Fins,4374674735147,Futures,
K2 Keel Alpha Twin Fins,4374672474155,Futures,
HS1 Generation Tri Fins,4374647898155,Futures,
F6 Alpha Tri-Quad Fins,4374637871147,Futures,
Rasta Twin + Stabiliser Fins,4374630498347,Futures,
Jordy Honeycomb Tri Fins,4374627745835,Futures,
F6 Thermotech Tri Fins,4374610706475,Futures,
QD2 4.0 Alpha Quad Rear Fins,4374609854507,Futures,
"QD2 3.75"" Honeycomb Foil Quad Rear Fins",4374609133611,Futures,
F4 Legacy Tri Fins (Neutral),4374603268139,Futures,
F4 Alpha Tri Fins,4374601695275,Futures,
F2 Alpha Tri Fins,4374594453547,Futures,
El Tomo Fish,4373848490027,Firewire,
One XT Reef Quick Release Leash,4372706164779,Ocean & Earth,
Longboard Stretch Cover,4370740576299,Ocean & Earth,
Indo Surf Hat w/ Back Flap,4370704891947,Ocean & Earth,
"One XT Premium 7'0"" Leash",4370699714603,Ocean & Earth,
O & E Pro Comp 6'0 XT Leash,4370695684139,Ocean & Earth,
O & E 6ft Premium XT Leash,4370694045739,Ocean & Earth,
Alex Knost Sunshine Single Fin,4369959682091,Captain Fin Co,
Chris Christenson Tracker Single Fin,4369959223339,Captain Fin Co,
Kanu Lock 3.3M,4369911283755,Kanu Lock,
Kanu Lock 8 foot 2.5,4369908236331,Kanu Lock,
Firewire Taylor Jensen Pro - Timber Tek,4369900404779,Firewire,
Special T,4369898864683,Firewire,
Submoon Timber Tek,4369897947179,Firewire,
Baked Potato,4369895620651,Firewire,
Skinny Mid Deck 3 Traction,4369879367723,Gorilla Grip,
Ghost Project 12,4367579021355,Pyzel,
The Shadow Project 12,4367576170539,Pyzel,
K2 Glass Keel Twin Fins,4357911052331,Futures,
FCS II Machado Seaside Quad Fins,4357909774379,FCS,
Dane Reynolds Tri Fins,4357907284011,Captain Fin Co,
Skinny Two Traction,4357904400427,Gorilla Grip,
Pyzel Traction,4357899812907,Pyzel,
Rocket Redux,4356939677739,Lost,
"OB Five Pastel Plasma Cruiser 28""",4356549214251,Ob Five,
Lazy Toy,4353200291883,Lost,
4 Piece Go Pad,4350156832811,Firewire,
4 Piece Front Foot Traction,4350151983147,Firewire,
Slater 5 Piece Arch Traction,4350149165099,Firewire,
2+1 Flat Traction,4350149132331,Firewire,
Slater 4 Piece Traction,4350148050987,Firewire,
Slater 3 Piece Arch Traction,4350145429547,Firewire,
R8 Legacy Series Tri Fins (Rake),4348884385835,Futures,
FCS Longboard Calf Essential Leash,4346487111723,FCS,
7'0 Long Phish w/ glass in keel fins,4327265959979,Christenson,
6'10 Long Phish,4327256260651,Christenson,
OG Flyer Spine Tek,4326296944683,Channel Islands,
Happy,4326293798955,Channel Islands,
Neck Beard 2 Spine Tek,4326292291627,Channel Islands,
OG Flyer,4326284034091,Channel Islands,
Pod Mod,4326265880619,Channel Islands,
Rocket Wide,4326264406059,Channel Islands,
Pool Party,4326260932651,T Patterson,
Rocket Wide Swallow Tail - Spine-Tek EPS,4326256148523,Channel Islands,
Tank,4319924846635,Pyzel,
Sci-Fi Grom,4313132466219,Firewire,
FRK Grom Board,4313129320491,Firewire,
P4 Legacy Series Tri Fins (Pivot),1796911530027,Futures,
Hydroshort,4297137782827,Firewire,
Hydronaut,4297137422379,Firewire,
Go Fish,4297136865323,Firewire,
Gamma,4297136341035,Firewire,
FRK Ibolic,4297135652907,Firewire,
Evo,4297135161387,Firewire,
Cymatic,4297134669867,Firewire,
Radius,4166822133803,Pyzel,
Astro Pop,4166818758699,Pyzel,
MR Epoxy Super Twin Tri Fin Softboard,4165788500011,Ocean & Earth,
The Ghost Pro,4112389373995,Pyzel,
Phantom Round,4111071903787,Pyzel,
Top Navy,4110982840363,Havaianas,
Top Modern Stripes,4110982807595,Havaianas,
Top Mix,4110982643755,Havaianas,
Slim Rubber Logo,4110982545451,Havaianas,
Slim Metal Logo,4110982447147,Havaianas,
Uber Driver,1873355276331,Lost,
Skinny Three Traction,1871619588139,Gorilla Grip,
Phat Two Black Traction,1809633083435,Gorilla Grip,
Driver 2.0 Round,1871519252523,Lost,
Driver 2.0 Squash,1871502147627,Lost,
Air Freshener,1869887930411,Creatures,
AM2 Thermotech Tri Fins,1796817911851,Futures,
Scramble II Traction,1869314752555,Octopus,
John Doe Corduroy Traction,1869313409067,Octopus,
Front Deck II 3 piece Traction,1869310099499,Octopus,
Front Deck - Corduroy 4 piece Traction,1869309444139,Octopus,
Colin Moran Hybrid Traction,1869306855467,Octopus,
Brendon Gibbens Traction,1869301252139,Octopus,
FCS All Round Essential Leash,1867351654443,FCS,
FCS Comp Essential Leash,1867333140523,FCS,
T-3 Traction,1867318591531,FCS,
Julian Wilson Grom Traction,1867313184811,FCS,
Rad Ripper,1789576151083,Lost,
Wheeler Snapback,1865068183595,Brixton,
Wesley Fedora,1865063039019,Brixton,
Messer Fedora,1865060974635,Brixton,
FCS II Carver Neo Glass Quad Rear Eco  Fins,1864435236907,FCS,
MR Ezi Rider Twin Fin Softboard,1864344141867,Ocean & Earth,
AM1 Blackstix Tri Fins,1864332607531,Futures,
AM2 Honeycomb Tri Fins,1796816830507,Futures,
AM1 Honeycomb Tri Fins,1864330706987,Futures,
FCS Day All Purpose Cover,1863952138283,FCS,
Puddle Jumper HP Stringered Epoxy,1855967068203,Lost,
Phantom Squash,1840327589931,Pyzel,
Flying Fish,1834331373611,MR,
Front Deck lV Lite Traction,1831027769387,Creatures,
Mayhem Logo Muscle White,1824488554539,Lost,
Mayhem Logo Muscle Black,1824488357931,Lost,
Lost Logo Muscle Black,1824488161323,Lost,
Gremlin,1816382177323,Pyzel,
FCS II Tab Infill Compatibility Kit,1796832067627,FCS,
Surf Mud Ocean Addicts Sunscreen SPF30,1810477678635,Surf Mud,
Surf Mud Tinted Covering Cream,1810476367915,Surf Mud,
Reefer Low Split toe 1.5mm Boot - Black Charcoal,1810474663979,Rip Curl,
Rip Curl Pocket Reef Boot,1810473877547,Rip Curl,
Wax Comb,1809782734891,Creatures,
Sunbum Spray Spf 30+,1809765761067,Sun Bum,
E-Bomb 2/2mm Zip Free Short Sleeve Full Suit,1809724669995,Rip Curl,
Dawn Patrol 3/2mm Back Zip Long Sleeve Full Suit,1809711267883,Rip Curl,
Flashbomb 3/2mm Back Zip Full Suit,1809684168747,Rip Curl,
Aggrolite 2mm Chest Zip Long Sleeve Spring Suit,1809680793643,Rip Curl,
Phat Three Black Acid Traction,1809629839403,Gorilla Grip,
Phat One Black Traction,1809628430379,Gorilla Grip,
Phat Three Traction,1809626005547,Gorilla Grip,
ARC PC Tri Fins,1805410271275,FCS,
FCS II MR Neo Glass Twin + Stabiliser Fins,1805395656747,FCS,
FCS II Filipe Toledo PC Tri Fins,1805369966635,FCS,
FCS II JW PC Tri Fins,1804308480043,FCS,
FCS II Performer PC Tri Fins,1804281839659,FCS,
FCS II Performer PC Carbon Tri Fins,1804270665771,FCS,
FCS II Performer Neo Glass Tri-Quad Fins,1804269781035,FCS,
FCS II Performer Neo Glass Tri Fins,1804268306475,FCS,
FCS II Mick Fanning Neo Carbon Tri Fins,1804231639083,FCS,
FCS II Accelerator Neo Glass Tri Fins,1804219613227,FCS,
FCS II Carver Neo Glass Tri-Quad Fins,1804217942059,FCS,
FCS II Carver PC Tri Fins,1804217122859,FCS,
FCS II Carver Neo Glass Tri Fins,1804209127467,FCS,
FCS II HS PC Carbon Tri Fins,1804200312875,FCS,
FCS II AM PC Tri Fins,1804183830571,FCS,
FCS II AM PC Tri-Quad Fins,1804179341355,FCS,
FCS II AM PC Twin + Stabiliser Fins,1804173017131,FCS,
FCS II AM PC Aircore Tri Fins,1804167610411,FCS,
FCS II AM PC AirCore Tri-Quad Fins,1804163973163,FCS,
FCS II MB PG Split Keel Quad Fins,1804156764203,FCS,
FCS II MB PC Carbon Tri Fins,1804153126955,FCS,
FCS II KA PC Tri Fins,1804151849003,FCS,
FCS II MB PC Carbon Tri-Quad Fins,1804149358635,FCS,
FCS Cam Lock Tie Downs,1804121145387,FCS,
FCS Cam Lock Soft Racks Single,1804120064043,FCS,
FCS Cam Lock Soft Racks Double,1804119736363,FCS,
The Shadow,1801753329707,Pyzel,
Padillac,1801753034795,Pyzel,
#77,1801102983211,Sharpeye,
HT2,1801101836331,Sharpeye,
Pick Up Stick,1800936423467,Lib Tech,
EA Blackstix Tri Fins,1796913889323,Futures,
FCS II Pyzel PC Tri Fins,1796860510251,FCS,
John John Grom Honeycomb Tri Fins,1796853923883,Futures,
John John Alpha Tri Fins,1796853137451,Futures,
John John Techflex Tri Fins,1796852219947,Futures,
FCS II Reactor PC Tri Fins,1796851761195,FCS,
FCS II Retro Keel PG Twin Fins,1796849401899,FCS,
Pyzel Large Control Series Tri Fins,1796839309355,Futures,
Machado Keel Twin Fins,1796829085739,Futures,
FCS Kids Poncho,1796828135467,FCS,
F8 Thermotech Tri Fins,1796827152427,Futures,
F8 Alpha Tri Fins,1796822138923,Futures,
F6 Alpha Tri Fins,1796819615787,Futures,
Cooly Rat Tee White,1796809949227,Surfboard Empire,
Cooly Rat Tee Black,1796809850923,SBE,
FCS SP2 Reef Boot,1796801069099,FCS,
T-2 Traction,1796797268011,FCS,
Filipe Toledo Traction,1796295557163,FCS,
Palmers Warm,1796183523371,Palmers,
Sex Wax Red Warm,1796171005995,Creatures,
Sex Wax Blue Tropical,1796170711083,Creatures,
Julian Wilson Traction,1796155867179,FCS,
Pyzalien,1796149215275,Pyzel,
Ghost,1796149084203,Pyzel,
Kolohe Andino Grom Traction,1796147216427,FCS,
Kolohe Andino Traction,1796143087659,FCS,
Surf Ears,1796140007467,Creatures,
Wrap Rax,1796130537515,Creatures,
Reliance Lite Leash,1796095901739,Creatures,
Stash Lock,1796062773291,Creatures,
Stretch All Purpose,1796058316843,FCS,
Mini Mick Grom Traction,1796058054699,Creatures,
Stretch Fun,1796057989163,FCS,
Mick Fanning Performance Signature Traction,1796053631019,Creatures,
Mick Fanning Lite Signature Traction,1796052156459,Creatures,
Shortboard Triple DT2.0,1796047732779,Creatures,
Travel 1 All Purpose Cover,1796045307947,FCS,
Travel 1 Fun Board,1796042063915,FCS,
Retro Ripper,1789574086699,Lost,
RNF Retro,1789574053931,Lost,
Retro Gun,1789573955627,Lost,
El Patron,1789573660715,Lost,
V3 Rocket,1789572841515,Lost,
Tube Pig,1789572677675,Lost,
Sub Driver,1789572644907,Lost,
Sabotaj,1789572022315,Lost,
Puddle Jumper HP,1789571924011,Lost,
Puddle Jumper,1789571891243,Lost,
Puddle Fish,1789571858475,Lost,
Psycho Killer,1789571792939,Lost,
Pocket Rocket Squash,1789571760171,Lost,
Pocket Rocket Round,1789571727403,Lost,
Maysym Regular,1789571137579,Lost,
Maysym Goofy,1789571104811,Lost,
Crowd Killer,1789570940971,Lost,
Beach Buggy 2,1789570613291,Lost,
